<ImportExportXml xmlns:xsi="http://www.w3.org/2001/XMLSchema-instance">
  <Entities></Entities>
  <Roles></Roles>
  <Workflows>
    <Workflow WorkflowId="{47385a56-9f9a-ee11-be37-002248812c7f}" Name="1.0 | SharePoint List Manager | Get all SharePoint Sites | Instant">
      <JsonFileName>/Workflows/10SharePointListManagerGetallSharePointSitesInstan-47385A56-9F9A-EE11-BE37-002248812C7F.json</JsonFileName>
      <Type>1</Type>
      <Subprocess>0</Subprocess>
      <Category>5</Category>
      <Mode>0</Mode>
      <Scope>4</Scope>
      <OnDemand>0</OnDemand>
      <TriggerOnCreate>0</TriggerOnCreate>
      <TriggerOnDelete>0</TriggerOnDelete>
      <AsyncAutodelete>0</AsyncAutodelete>
      <SyncWorkflowLogOnFailure>0</SyncWorkflowLogOnFailure>
      <StateCode>1</StateCode>
      <StatusCode>2</StatusCode>
      <RunAs>1</RunAs>
      <IsTransacted>1</IsTransacted>
      <IntroducedVersion>1.0.0.0</IntroducedVersion>
      <IsCustomizable>1</IsCustomizable>
      <BusinessProcessType>0</BusinessProcessType>
      <IsCustomProcessingStepAllowedForOtherPublishers>1</IsCustomProcessingStepAllowedForOtherPublishers>
      <PrimaryEntity>none</PrimaryEntity>
      <LocalizedNames>
        <LocalizedName languagecode="1031" description="1.0 | SharePoint List Manager | Get all SharePoint Sites | Instant" />
      </LocalizedNames>
    </Workflow>
    <Workflow WorkflowId="{044698eb-2a9e-ee11-be37-002248812c7f}" Name="2.0 | SharePoint List Manager | Get SharePoint Lists on Site | Instant">
      <JsonFileName>/Workflows/20SharePointListManagerGetSharePointListsonSiteIns-044698EB-2A9E-EE11-BE37-002248812C7F.json</JsonFileName>
      <Type>1</Type>
      <Subprocess>0</Subprocess>
      <Category>5</Category>
      <Mode>0</Mode>
      <Scope>4</Scope>
      <OnDemand>0</OnDemand>
      <TriggerOnCreate>0</TriggerOnCreate>
      <TriggerOnDelete>0</TriggerOnDelete>
      <AsyncAutodelete>0</AsyncAutodelete>
      <SyncWorkflowLogOnFailure>0</SyncWorkflowLogOnFailure>
      <StateCode>1</StateCode>
      <StatusCode>2</StatusCode>
      <RunAs>1</RunAs>
      <IsTransacted>1</IsTransacted>
      <IntroducedVersion>1.0.0.0</IntroducedVersion>
      <IsCustomizable>1</IsCustomizable>
      <BusinessProcessType>0</BusinessProcessType>
      <IsCustomProcessingStepAllowedForOtherPublishers>1</IsCustomProcessingStepAllowedForOtherPublishers>
      <PrimaryEntity>none</PrimaryEntity>
      <LocalizedNames>
        <LocalizedName languagecode="1031" description="2.0 | SharePoint List Manager | Get SharePoint Lists on Site | Instant" />
      </LocalizedNames>
    </Workflow>
    <Workflow WorkflowId="{397a1c03-a1a9-ee11-be37-002248812c7f}" Name="2.1 | SharePoint List Manager | Get SharePoint Lists Columns | Instant">
      <JsonFileName>/Workflows/21SharePointListManagerGetSharePointListsColumnsIn-397A1C03-A1A9-EE11-BE37-002248812C7F.json</JsonFileName>
      <Type>1</Type>
      <Subprocess>0</Subprocess>
      <Category>5</Category>
      <Mode>0</Mode>
      <Scope>4</Scope>
      <OnDemand>0</OnDemand>
      <TriggerOnCreate>0</TriggerOnCreate>
      <TriggerOnDelete>0</TriggerOnDelete>
      <AsyncAutodelete>0</AsyncAutodelete>
      <SyncWorkflowLogOnFailure>0</SyncWorkflowLogOnFailure>
      <StateCode>1</StateCode>
      <StatusCode>2</StatusCode>
      <RunAs>1</RunAs>
      <IsTransacted>1</IsTransacted>
      <IntroducedVersion>1.0.0.0</IntroducedVersion>
      <IsCustomizable>1</IsCustomizable>
      <BusinessProcessType>0</BusinessProcessType>
      <IsCustomProcessingStepAllowedForOtherPublishers>1</IsCustomProcessingStepAllowedForOtherPublishers>
      <PrimaryEntity>none</PrimaryEntity>
      <LocalizedNames>
        <LocalizedName languagecode="1031" description="2.1 | SharePoint List Manager | Get SharePoint Lists Columns | Instant" />
      </LocalizedNames>
    </Workflow>
    <Workflow WorkflowId="{7867da43-ef9e-ee11-be37-002248812c7f}" Name="3.0 | SharePoint List Manager | Load SharePoint List Views | Instant">
      <JsonFileName>/Workflows/30SharePointListManagerLoadSharePointListViewsInst-7867DA43-EF9E-EE11-BE37-002248812C7F.json</JsonFileName>
      <Type>1</Type>
      <Subprocess>0</Subprocess>
      <Category>5</Category>
      <Mode>0</Mode>
      <Scope>4</Scope>
      <OnDemand>0</OnDemand>
      <TriggerOnCreate>0</TriggerOnCreate>
      <TriggerOnDelete>0</TriggerOnDelete>
      <AsyncAutodelete>0</AsyncAutodelete>
      <SyncWorkflowLogOnFailure>0</SyncWorkflowLogOnFailure>
      <StateCode>1</StateCode>
      <StatusCode>2</StatusCode>
      <RunAs>1</RunAs>
      <IsTransacted>1</IsTransacted>
      <IntroducedVersion>1.0.0.0</IntroducedVersion>
      <IsCustomizable>1</IsCustomizable>
      <BusinessProcessType>0</BusinessProcessType>
      <IsCustomProcessingStepAllowedForOtherPublishers>1</IsCustomProcessingStepAllowedForOtherPublishers>
      <PrimaryEntity>none</PrimaryEntity>
      <LocalizedNames>
        <LocalizedName languagecode="1031" description="3.0 | SharePoint List Manager | Load SharePoint List Views | Instant" />
      </LocalizedNames>
    </Workflow>
    <Workflow WorkflowId="{cde21fc7-c09f-ee11-be37-002248812c7f}" Name="4.1 | SharePoint List Manager | Restrict List View | Instant">
      <JsonFileName>/Workflows/41SharePointListManagerRestrictListViewInstant-CDE21FC7-C09F-EE11-BE37-002248812C7F.json</JsonFileName>
      <Type>1</Type>
      <Subprocess>0</Subprocess>
      <Category>5</Category>
      <Mode>0</Mode>
      <Scope>4</Scope>
      <OnDemand>0</OnDemand>
      <TriggerOnCreate>0</TriggerOnCreate>
      <TriggerOnDelete>0</TriggerOnDelete>
      <AsyncAutodelete>0</AsyncAutodelete>
      <SyncWorkflowLogOnFailure>0</SyncWorkflowLogOnFailure>
      <StateCode>1</StateCode>
      <StatusCode>2</StatusCode>
      <RunAs>1</RunAs>
      <IsTransacted>1</IsTransacted>
      <IntroducedVersion>1.0.0.0</IntroducedVersion>
      <IsCustomizable>1</IsCustomizable>
      <BusinessProcessType>0</BusinessProcessType>
      <IsCustomProcessingStepAllowedForOtherPublishers>1</IsCustomProcessingStepAllowedForOtherPublishers>
      <PrimaryEntity>none</PrimaryEntity>
      <LocalizedNames>
        <LocalizedName languagecode="1031" description="4.1 | SharePoint List Manager | Restrict List View | Instant" />
      </LocalizedNames>
    </Workflow>
    <Workflow WorkflowId="{95bb7f67-3ea6-ee11-be37-002248812c7f}" Name="4.2 | SharePoint List Manager | Get Fields per List View | Instant">
      <JsonFileName>/Workflows/42SharePointListManagerGetFieldsperListViewInstant-95BB7F67-3EA6-EE11-BE37-002248812C7F.json</JsonFileName>
      <Type>1</Type>
      <Subprocess>0</Subprocess>
      <Category>5</Category>
      <Mode>0</Mode>
      <Scope>4</Scope>
      <OnDemand>0</OnDemand>
      <TriggerOnCreate>0</TriggerOnCreate>
      <TriggerOnDelete>0</TriggerOnDelete>
      <AsyncAutodelete>0</AsyncAutodelete>
      <SyncWorkflowLogOnFailure>0</SyncWorkflowLogOnFailure>
      <StateCode>1</StateCode>
      <StatusCode>2</StatusCode>
      <RunAs>1</RunAs>
      <IsTransacted>1</IsTransacted>
      <IntroducedVersion>1.0</IntroducedVersion>
      <IsCustomizable>1</IsCustomizable>
      <BusinessProcessType>0</BusinessProcessType>
      <IsCustomProcessingStepAllowedForOtherPublishers>1</IsCustomProcessingStepAllowedForOtherPublishers>
      <PrimaryEntity>none</PrimaryEntity>
      <LocalizedNames>
        <LocalizedName languagecode="1031" description="4.2 | SharePoint List Manager | Get Fields per List View | Instant" />
      </LocalizedNames>
    </Workflow>
    <Workflow WorkflowId="{80e42812-44a6-ee11-be37-002248812c7f}" Name="4.3 | SharePoint List Manager | Delete List View | Instant">
      <JsonFileName>/Workflows/43SharePointListManagerDeleteListViewInstant-80E42812-44A6-EE11-BE37-002248812C7F.json</JsonFileName>
      <Type>1</Type>
      <Subprocess>0</Subprocess>
      <Category>5</Category>
      <Mode>0</Mode>
      <Scope>4</Scope>
      <OnDemand>0</OnDemand>
      <TriggerOnCreate>0</TriggerOnCreate>
      <TriggerOnDelete>0</TriggerOnDelete>
      <AsyncAutodelete>0</AsyncAutodelete>
      <SyncWorkflowLogOnFailure>0</SyncWorkflowLogOnFailure>
      <StateCode>1</StateCode>
      <StatusCode>2</StatusCode>
      <RunAs>1</RunAs>
      <IsTransacted>1</IsTransacted>
      <IntroducedVersion>1.0.0.0</IntroducedVersion>
      <IsCustomizable>1</IsCustomizable>
      <BusinessProcessType>0</BusinessProcessType>
      <IsCustomProcessingStepAllowedForOtherPublishers>1</IsCustomProcessingStepAllowedForOtherPublishers>
      <PrimaryEntity>none</PrimaryEntity>
      <LocalizedNames>
        <LocalizedName languagecode="1031" description="4.3 | SharePoint List Manager | Delete List View | Instant" />
      </LocalizedNames>
    </Workflow>
    <Workflow WorkflowId="{6bb52b24-b9a6-ee11-be37-002248812c7f}" Name="4.4 | SharePoint List Manager | Delete List | Instant">
      <JsonFileName>/Workflows/44SharePointListManagerDeleteListInstant-6BB52B24-B9A6-EE11-BE37-002248812C7F.json</JsonFileName>
      <Type>1</Type>
      <Subprocess>0</Subprocess>
      <Category>5</Category>
      <Mode>0</Mode>
      <Scope>4</Scope>
      <OnDemand>0</OnDemand>
      <TriggerOnCreate>0</TriggerOnCreate>
      <TriggerOnDelete>0</TriggerOnDelete>
      <AsyncAutodelete>0</AsyncAutodelete>
      <SyncWorkflowLogOnFailure>0</SyncWorkflowLogOnFailure>
      <StateCode>1</StateCode>
      <StatusCode>2</StatusCode>
      <RunAs>1</RunAs>
      <IsTransacted>1</IsTransacted>
      <IntroducedVersion>1.0.0.0</IntroducedVersion>
      <IsCustomizable>1</IsCustomizable>
      <BusinessProcessType>0</BusinessProcessType>
      <IsCustomProcessingStepAllowedForOtherPublishers>1</IsCustomProcessingStepAllowedForOtherPublishers>
      <PrimaryEntity>none</PrimaryEntity>
      <LocalizedNames>
        <LocalizedName languagecode="1031" description="4.4 | SharePoint List Manager | Delete List | Instant" />
      </LocalizedNames>
    </Workflow>
    <Workflow WorkflowId="{f738d08f-38b6-ee11-a569-002248812c7f}" Name="2.1 | SharePoint List Manager | Get SharePoint Files on Site | Instant">
      <JsonFileName>/Workflows/21SharePointListManagerGetSharePointFilesonSiteIns-F738D08F-38B6-EE11-A569-002248812C7F.json</JsonFileName>
      <Type>1</Type>
      <Subprocess>0</Subprocess>
      <Category>5</Category>
      <Mode>0</Mode>
      <Scope>4</Scope>
      <OnDemand>0</OnDemand>
      <TriggerOnCreate>0</TriggerOnCreate>
      <TriggerOnDelete>0</TriggerOnDelete>
      <AsyncAutodelete>0</AsyncAutodelete>
      <SyncWorkflowLogOnFailure>0</SyncWorkflowLogOnFailure>
      <StateCode>1</StateCode>
      <StatusCode>2</StatusCode>
      <RunAs>1</RunAs>
      <IsTransacted>1</IsTransacted>
      <IntroducedVersion>1.0</IntroducedVersion>
      <IsCustomizable>1</IsCustomizable>
      <BusinessProcessType>0</BusinessProcessType>
      <IsCustomProcessingStepAllowedForOtherPublishers>1</IsCustomProcessingStepAllowedForOtherPublishers>
      <PrimaryEntity>none</PrimaryEntity>
      <LocalizedNames>
        <LocalizedName languagecode="1031" description="2.1 | SharePoint List Manager | Get SharePoint Files on Site | Instant" />
      </LocalizedNames>
    </Workflow>
  </Workflows>
  <FieldSecurityProfiles></FieldSecurityProfiles>
  <Templates />
  <EntityMaps />
  <EntityRelationships />
  <OrganizationSettings />
  <optionsets />
  <CustomControls />
  <EntityDataProviders />
  <CanvasApps>
    <CanvasApp>
      <Name>ema_sharepointviewertemplate_93e56</Name>
      <AppVersion>2024-01-21T14:31:40Z</AppVersion>
      <Status>Ready</Status>
      <CreatedByClientVersion>3.24012.8.0</CreatedByClientVersion>
      <MinClientVersion>3.24012.8.0</MinClientVersion>
      <Tags>{"primaryDeviceWidth":"1920","primaryDeviceHeight":"950","supportsPortrait":"true","supportsLandscape":"true","primaryFormFactor":"Tablet","showStatusBar":"false","publisherVersion":"3.24012.8","minimumRequiredApiVersion":"2.2.0","hasComponent":"true","hasUnlockedComponent":"false","isUnifiedRootApp":"false","offlineLargeFilesSupport":"false","sienaVersion":"20240120T094702Z-3.24012.8.0"}</Tags>
      <IsCdsUpgraded>0</IsCdsUpgraded>
      <GalleryItemId xsi:nil="true"></GalleryItemId>
      <BackgroundColor>rgba(238, 238, 238, 1)</BackgroundColor>
      <DisplayName>SharePoint List Manager</DisplayName>
      <Description>This is a simple and straightforward app managing some administrative sharepoint tasks. Build by EinfachMachen // Kim Buske</Description>
      <CommitMessage xsi:nil="true"></CommitMessage>
      <Publisher xsi:nil="true"></Publisher>
      <AuthorizationReferences>[]</AuthorizationReferences>
      <ConnectionReferences>{"d2d1e907-af9f-4da4-90ec-fe7d611c9446":{"id":"/providers/microsoft.powerapps/apis/shared_logicflows","displayName":"Logic flows","iconUri":"https://connectoricons-prod.azureedge.net/releases/v1.0.1664/1.0.1664.3477/logicflows/icon.png","dataSources":["1.0|SharePointViewer|GetallSharePointSites|Instant"],"dependencies":["efbcf3e8-bddf-4324-a7d0-7c7635915f74","4fa9e178-7659-47d4-b080-c92179ca0eb8"],"dependents":[],"parameterHints":{"workflowName":{"value":"8aa727a2-75f9-41be-a93b-170668db65e5"},"workflowEntityId":{"value":"47385a56-9f9a-ee11-be37-002248812c7f"},"efbcf3e8-bddf-4324-a7d0-7c7635915f74":{"value":"shared_office365groups"},"4fa9e178-7659-47d4-b080-c92179ca0eb8":{"value":"shared_office365_1"}},"parameterHintsV2":{"workflowName":{"value":"8aa727a2-75f9-41be-a93b-170668db65e5"},"workflowEntityId":{"value":"47385a56-9f9a-ee11-be37-002248812c7f"},"shared_office365groups":{"value":"efbcf3e8-bddf-4324-a7d0-7c7635915f74"},"shared_office365_1":{"value":"4fa9e178-7659-47d4-b080-c92179ca0eb8"}},"isOnPremiseConnection":false,"bypassConsent":false,"dataSets":{},"apiTier":"Standard","actions":["Run"]},"efbcf3e8-bddf-4324-a7d0-7c7635915f74":{"id":"/providers/microsoft.powerapps/apis/shared_office365groups","displayName":"Office 365 Groups","iconUri":"https://connectoricons-prod.azureedge.net/releases/v1.0.1664/1.0.1664.3477/office365groups/icon.png","dataSources":[],"dependencies":[],"dependents":["d2d1e907-af9f-4da4-90ec-fe7d611c9446"],"parameterHints":{},"parameterHintsV2":{},"isOnPremiseConnection":false,"bypassConsent":false,"dataSets":{},"apiTier":"Standard"},"4fa9e178-7659-47d4-b080-c92179ca0eb8":{"id":"/providers/microsoft.powerapps/apis/shared_office365","displayName":"Office 365 Outlook","iconUri":"https://connectoricons-prod.azureedge.net/releases/v1.0.1669/1.0.1669.3522/office365/icon.png","dataSources":[],"dependencies":[],"dependents":["d2d1e907-af9f-4da4-90ec-fe7d611c9446","437a1fd5-01fa-4b8d-9a70-d9acfc8e4905","b225aed9-a82f-401d-909f-7a5563f4f8ed","5df8c3aa-97e9-4fdc-980b-9bb72a2016db","3bccc332-5383-4a2d-9c55-9fe2540ff745","a48e3a12-ee25-4936-87d2-65048eb551fb","02fb916f-8604-4b23-b39d-0d4fc73ce6a3","dadccb00-54d3-42a0-b4f6-a1f050ce5b7f","db2f87ec-8ef4-4196-a3c8-0421c7b0055f","43ead5cb-a72d-4a22-a747-210aef7842cc"],"parameterHints":{},"parameterHintsV2":{},"isOnPremiseConnection":false,"bypassConsent":false,"dataSets":{},"apiTier":"Standard"},"437a1fd5-01fa-4b8d-9a70-d9acfc8e4905":{"id":"/providers/microsoft.powerapps/apis/shared_logicflows","displayName":"Logic flows","iconUri":"https://connectoricons-prod.azureedge.net/releases/v1.0.1664/1.0.1664.3477/logicflows/icon.png","dataSources":["2.0|SharePointViewer|LoadSharePointLists|Instant"],"dependencies":["93edcb9c-f740-4c72-9fe0-0c65624cdb8a","4fa9e178-7659-47d4-b080-c92179ca0eb8"],"dependents":[],"parameterHints":{"workflowName":{"value":"fb3e08ef-8321-4acf-a191-ccb08863f0e1"},"workflowEntityId":{"value":"044698eb-2a9e-ee11-be37-002248812c7f"},"93edcb9c-f740-4c72-9fe0-0c65624cdb8a":{"value":"shared_sharepointonline_1"},"4fa9e178-7659-47d4-b080-c92179ca0eb8":{"value":"shared_office365_1"}},"parameterHintsV2":{"workflowName":{"value":"fb3e08ef-8321-4acf-a191-ccb08863f0e1"},"workflowEntityId":{"value":"044698eb-2a9e-ee11-be37-002248812c7f"},"shared_sharepointonline_1":{"value":"93edcb9c-f740-4c72-9fe0-0c65624cdb8a"},"shared_office365_1":{"value":"4fa9e178-7659-47d4-b080-c92179ca0eb8"}},"isOnPremiseConnection":false,"bypassConsent":false,"dataSets":{},"apiTier":"Standard","actions":["Run"]},"93edcb9c-f740-4c72-9fe0-0c65624cdb8a":{"id":"/providers/microsoft.powerapps/apis/shared_sharepointonline","displayName":"SharePoint","iconUri":"https://connectoricons-prod.azureedge.net/releases/v1.0.1670/1.0.1670.3526/sharepointonline/icon.png","dataSources":[],"dependencies":[],"dependents":["437a1fd5-01fa-4b8d-9a70-d9acfc8e4905","b225aed9-a82f-401d-909f-7a5563f4f8ed","5df8c3aa-97e9-4fdc-980b-9bb72a2016db","3bccc332-5383-4a2d-9c55-9fe2540ff745","a48e3a12-ee25-4936-87d2-65048eb551fb","02fb916f-8604-4b23-b39d-0d4fc73ce6a3","dadccb00-54d3-42a0-b4f6-a1f050ce5b7f","db2f87ec-8ef4-4196-a3c8-0421c7b0055f","43ead5cb-a72d-4a22-a747-210aef7842cc"],"parameterHints":{},"parameterHintsV2":{},"isOnPremiseConnection":false,"bypassConsent":false,"dataSets":{},"apiTier":"Standard"},"b225aed9-a82f-401d-909f-7a5563f4f8ed":{"id":"/providers/microsoft.powerapps/apis/shared_logicflows","displayName":"Logic flows","iconUri":"https://connectoricons-prod.azureedge.net/releases/v1.0.1664/1.0.1664.3477/logicflows/icon.png","dataSources":["3.0|SharePointViewer|LoadSharePointListViews|Instant"],"dependencies":["93edcb9c-f740-4c72-9fe0-0c65624cdb8a","4fa9e178-7659-47d4-b080-c92179ca0eb8"],"dependents":[],"parameterHints":{"workflowName":{"value":"029d86dc-0182-4a8e-bab5-72b8a0a185ee"},"workflowEntityId":{"value":"7867da43-ef9e-ee11-be37-002248812c7f"},"93edcb9c-f740-4c72-9fe0-0c65624cdb8a":{"value":"shared_sharepointonline_3"},"4fa9e178-7659-47d4-b080-c92179ca0eb8":{"value":"shared_office365_1"}},"parameterHintsV2":{"workflowName":{"value":"029d86dc-0182-4a8e-bab5-72b8a0a185ee"},"workflowEntityId":{"value":"7867da43-ef9e-ee11-be37-002248812c7f"},"shared_sharepointonline_3":{"value":"93edcb9c-f740-4c72-9fe0-0c65624cdb8a"},"shared_office365_1":{"value":"4fa9e178-7659-47d4-b080-c92179ca0eb8"}},"isOnPremiseConnection":false,"bypassConsent":false,"dataSets":{},"apiTier":"Standard","actions":["Run"]},"5df8c3aa-97e9-4fdc-980b-9bb72a2016db":{"id":"/providers/microsoft.powerapps/apis/shared_logicflows","displayName":"Logic flows","iconUri":"https://connectoricons-prod.azureedge.net/releases/v1.0.1664/1.0.1664.3477/logicflows/icon.png","dataSources":["4.2|SharePointViewer|GetFieldsperListView|Instant"],"dependencies":["93edcb9c-f740-4c72-9fe0-0c65624cdb8a","4fa9e178-7659-47d4-b080-c92179ca0eb8"],"dependents":[],"parameterHints":{"workflowName":{"value":"e66e7d56-4aa2-4977-b698-c963596f902e"},"workflowEntityId":{"value":"95bb7f67-3ea6-ee11-be37-002248812c7f"},"93edcb9c-f740-4c72-9fe0-0c65624cdb8a":{"value":"shared_sharepointonline_3"},"4fa9e178-7659-47d4-b080-c92179ca0eb8":{"value":"shared_office365_1"}},"parameterHintsV2":{"workflowName":{"value":"e66e7d56-4aa2-4977-b698-c963596f902e"},"workflowEntityId":{"value":"95bb7f67-3ea6-ee11-be37-002248812c7f"},"shared_sharepointonline_3":{"value":"93edcb9c-f740-4c72-9fe0-0c65624cdb8a"},"shared_office365_1":{"value":"4fa9e178-7659-47d4-b080-c92179ca0eb8"}},"isOnPremiseConnection":false,"bypassConsent":false,"dataSets":{},"apiTier":"Standard","actions":["Run"]},"3bccc332-5383-4a2d-9c55-9fe2540ff745":{"id":"/providers/microsoft.powerapps/apis/shared_logicflows","displayName":"Logic flows","iconUri":"https://connectoricons-prod.azureedge.net/releases/v1.0.1664/1.0.1664.3477/logicflows/icon.png","dataSources":["4.3|SharePointViewer|DeleteListView|Instant"],"dependencies":["4fa9e178-7659-47d4-b080-c92179ca0eb8","93edcb9c-f740-4c72-9fe0-0c65624cdb8a"],"dependents":[],"parameterHints":{"workflowName":{"value":"4abb3d8b-136a-4ee1-bf26-8b2a289fb97d"},"workflowEntityId":{"value":"80e42812-44a6-ee11-be37-002248812c7f"},"4fa9e178-7659-47d4-b080-c92179ca0eb8":{"value":"shared_office365_1"},"93edcb9c-f740-4c72-9fe0-0c65624cdb8a":{"value":"shared_sharepointonline"}},"parameterHintsV2":{"workflowName":{"value":"4abb3d8b-136a-4ee1-bf26-8b2a289fb97d"},"workflowEntityId":{"value":"80e42812-44a6-ee11-be37-002248812c7f"},"shared_office365_1":{"value":"4fa9e178-7659-47d4-b080-c92179ca0eb8"},"shared_sharepointonline":{"value":"93edcb9c-f740-4c72-9fe0-0c65624cdb8a"}},"isOnPremiseConnection":false,"bypassConsent":false,"dataSets":{},"apiTier":"Standard","actions":["Run"]},"a48e3a12-ee25-4936-87d2-65048eb551fb":{"id":"/providers/microsoft.powerapps/apis/shared_logicflows","displayName":"Logic flows","iconUri":"https://connectoricons-prod.azureedge.net/releases/v1.0.1664/1.0.1664.3477/logicflows/icon.png","dataSources":["4.1|SharePointViewer|RestrictListView|Instant"],"dependencies":["4fa9e178-7659-47d4-b080-c92179ca0eb8","93edcb9c-f740-4c72-9fe0-0c65624cdb8a"],"dependents":[],"parameterHints":{"workflowName":{"value":"848327cc-e065-47cd-893e-352127fbee2c"},"workflowEntityId":{"value":"cde21fc7-c09f-ee11-be37-002248812c7f"},"4fa9e178-7659-47d4-b080-c92179ca0eb8":{"value":"shared_office365_1"},"93edcb9c-f740-4c72-9fe0-0c65624cdb8a":{"value":"shared_sharepointonline"}},"parameterHintsV2":{"workflowName":{"value":"848327cc-e065-47cd-893e-352127fbee2c"},"workflowEntityId":{"value":"cde21fc7-c09f-ee11-be37-002248812c7f"},"shared_office365_1":{"value":"4fa9e178-7659-47d4-b080-c92179ca0eb8"},"shared_sharepointonline":{"value":"93edcb9c-f740-4c72-9fe0-0c65624cdb8a"}},"isOnPremiseConnection":false,"bypassConsent":false,"dataSets":{},"apiTier":"Standard","actions":["Run"]},"02fb916f-8604-4b23-b39d-0d4fc73ce6a3":{"id":"/providers/microsoft.powerapps/apis/shared_logicflows","displayName":"Logic flows","iconUri":"https://connectoricons-prod.azureedge.net/releases/v1.0.1664/1.0.1664.3477/logicflows/icon.png","dataSources":["4.4|SharePointViewer|DeleteList|Instant"],"dependencies":["4fa9e178-7659-47d4-b080-c92179ca0eb8","93edcb9c-f740-4c72-9fe0-0c65624cdb8a"],"dependents":[],"parameterHints":{"workflowName":{"value":"911f562a-c224-4db2-a218-b4734864d477"},"workflowEntityId":{"value":"6bb52b24-b9a6-ee11-be37-002248812c7f"},"4fa9e178-7659-47d4-b080-c92179ca0eb8":{"value":"shared_office365_1"},"93edcb9c-f740-4c72-9fe0-0c65624cdb8a":{"value":"shared_sharepointonline"}},"parameterHintsV2":{"workflowName":{"value":"911f562a-c224-4db2-a218-b4734864d477"},"workflowEntityId":{"value":"6bb52b24-b9a6-ee11-be37-002248812c7f"},"shared_office365_1":{"value":"4fa9e178-7659-47d4-b080-c92179ca0eb8"},"shared_sharepointonline":{"value":"93edcb9c-f740-4c72-9fe0-0c65624cdb8a"}},"isOnPremiseConnection":false,"bypassConsent":false,"dataSets":{},"apiTier":"Standard","actions":["Run"]},"dadccb00-54d3-42a0-b4f6-a1f050ce5b7f":{"id":"/providers/microsoft.powerapps/apis/shared_logicflows","displayName":"Logic flows","iconUri":"https://connectoricons-prod.azureedge.net/releases/v1.0.1664/1.0.1664.3477/logicflows/icon.png","dataSources":["2.1|SharePointViewer|GetSharePointListsColumns|Instant"],"dependencies":["4fa9e178-7659-47d4-b080-c92179ca0eb8","93edcb9c-f740-4c72-9fe0-0c65624cdb8a"],"dependents":[],"parameterHints":{"workflowName":{"value":"8aae33aa-f161-4511-a15f-6338d41a30a6"},"workflowEntityId":{"value":"397a1c03-a1a9-ee11-be37-002248812c7f"},"4fa9e178-7659-47d4-b080-c92179ca0eb8":{"value":"shared_office365_1"},"93edcb9c-f740-4c72-9fe0-0c65624cdb8a":{"value":"shared_sharepointonline_1"}},"parameterHintsV2":{"workflowName":{"value":"8aae33aa-f161-4511-a15f-6338d41a30a6"},"workflowEntityId":{"value":"397a1c03-a1a9-ee11-be37-002248812c7f"},"shared_office365_1":{"value":"4fa9e178-7659-47d4-b080-c92179ca0eb8"},"shared_sharepointonline_1":{"value":"93edcb9c-f740-4c72-9fe0-0c65624cdb8a"}},"isOnPremiseConnection":false,"bypassConsent":false,"dataSets":{},"apiTier":"Standard","actions":["Run"]},"db2f87ec-8ef4-4196-a3c8-0421c7b0055f":{"id":"/providers/microsoft.powerapps/apis/shared_logicflows","displayName":"Logic flows","iconUri":"https://connectoricons-prod.azureedge.net/releases/v1.0.1664/1.0.1664.3477/logicflows/icon.png","dataSources":["2.2|SharePointViewer|CreateSharePointLists|Instant"],"dependencies":["4fa9e178-7659-47d4-b080-c92179ca0eb8","93edcb9c-f740-4c72-9fe0-0c65624cdb8a"],"dependents":[],"parameterHints":{"workflowName":{"value":"5e505d32-e731-466a-994b-dc1c6395f734"},"workflowEntityId":{"value":"28fba8cb-0baa-ee11-be37-002248812c7f"},"4fa9e178-7659-47d4-b080-c92179ca0eb8":{"value":"shared_office365_1"},"93edcb9c-f740-4c72-9fe0-0c65624cdb8a":{"value":"shared_sharepointonline_1"}},"parameterHintsV2":{"workflowName":{"value":"5e505d32-e731-466a-994b-dc1c6395f734"},"workflowEntityId":{"value":"28fba8cb-0baa-ee11-be37-002248812c7f"},"shared_office365_1":{"value":"4fa9e178-7659-47d4-b080-c92179ca0eb8"},"shared_sharepointonline_1":{"value":"93edcb9c-f740-4c72-9fe0-0c65624cdb8a"}},"isOnPremiseConnection":false,"bypassConsent":false,"dataSets":{},"apiTier":"Standard","actions":["Run"]},"43ead5cb-a72d-4a22-a747-210aef7842cc":{"id":"/providers/microsoft.powerapps/apis/shared_logicflows","displayName":"Logic flows","iconUri":"https://connectoricons-prod.azureedge.net/releases/v1.0.1664/1.0.1664.3477/logicflows/icon.png","dataSources":["2.1|SharePointListManager|GetSharePointFilesonSite|Instant"],"dependencies":["93edcb9c-f740-4c72-9fe0-0c65624cdb8a","4fa9e178-7659-47d4-b080-c92179ca0eb8"],"dependents":[],"parameterHints":{"workflowName":{"value":"109c0f21-8098-4ec7-b017-93f16388f664"},"workflowEntityId":{"value":"f738d08f-38b6-ee11-a569-002248812c7f"},"93edcb9c-f740-4c72-9fe0-0c65624cdb8a":{"value":"shared_sharepointonline_1"},"4fa9e178-7659-47d4-b080-c92179ca0eb8":{"value":"shared_office365_1"}},"parameterHintsV2":{"workflowName":{"value":"109c0f21-8098-4ec7-b017-93f16388f664"},"workflowEntityId":{"value":"f738d08f-38b6-ee11-a569-002248812c7f"},"shared_sharepointonline_1":{"value":"93edcb9c-f740-4c72-9fe0-0c65624cdb8a"},"shared_office365_1":{"value":"4fa9e178-7659-47d4-b080-c92179ca0eb8"}},"isOnPremiseConnection":false,"bypassConsent":false,"dataSets":{},"apiTier":"Standard","actions":["Run"]}}</ConnectionReferences>
      <DatabaseReferences>{}</DatabaseReferences>
      <AppComponents>[]</AppComponents>
      <AppComponentDependencies>[{"appComponentName":"1b6a784b5209419899a8bbcf5dbecb35","appName":"c146e9ad-ee20-4c63-bcba-b4aac0316148","appComponentLibraryName":"de7b3b1a-60ba-4d36-bde3-f9b270dc2c45","appComponentLibraryVersion":"2023-12-30T02:26:48Z","appComponentLibraryLogicalName":"crfd0_materialdesign_d4b4d","environmentName":"default-a8fb3696-a663-448e-88f3-71804d2cb803"},{"appComponentName":"26f988f46bf847eea1599da063b4a296","appName":"c146e9ad-ee20-4c63-bcba-b4aac0316148","appComponentLibraryName":"de7b3b1a-60ba-4d36-bde3-f9b270dc2c45","appComponentLibraryVersion":"2023-12-30T02:26:48Z","appComponentLibraryLogicalName":"crfd0_materialdesign_d4b4d","environmentName":"default-a8fb3696-a663-448e-88f3-71804d2cb803"},{"appComponentName":"31b5d7d81ac3488b83f5f68e5ae9a0c9","appName":"c146e9ad-ee20-4c63-bcba-b4aac0316148","appComponentLibraryName":"de7b3b1a-60ba-4d36-bde3-f9b270dc2c45","appComponentLibraryVersion":"2023-12-30T02:26:48Z","appComponentLibraryLogicalName":"crfd0_materialdesign_d4b4d","environmentName":"default-a8fb3696-a663-448e-88f3-71804d2cb803"},{"appComponentName":"4be4a26509684a26a1d70809c00d501d","appName":"c146e9ad-ee20-4c63-bcba-b4aac0316148","appComponentLibraryName":"de7b3b1a-60ba-4d36-bde3-f9b270dc2c45","appComponentLibraryVersion":"2023-12-30T02:26:48Z","appComponentLibraryLogicalName":"crfd0_materialdesign_d4b4d","environmentName":"default-a8fb3696-a663-448e-88f3-71804d2cb803"},{"appComponentName":"63a27f8c45ac40b2b29af53e8c903f1a","appName":"c146e9ad-ee20-4c63-bcba-b4aac0316148","appComponentLibraryName":"de7b3b1a-60ba-4d36-bde3-f9b270dc2c45","appComponentLibraryVersion":"2023-12-30T02:26:48Z","appComponentLibraryLogicalName":"crfd0_materialdesign_d4b4d","environmentName":"default-a8fb3696-a663-448e-88f3-71804d2cb803"},{"appComponentName":"68e82e16e9aa452ea2f2531df3ec7472","appName":"c146e9ad-ee20-4c63-bcba-b4aac0316148","appComponentLibraryName":"de7b3b1a-60ba-4d36-bde3-f9b270dc2c45","appComponentLibraryVersion":"2023-12-30T02:26:48Z","appComponentLibraryLogicalName":"crfd0_materialdesign_d4b4d","environmentName":"default-a8fb3696-a663-448e-88f3-71804d2cb803"},{"appComponentName":"7e29a30b7ba34d18b3fa74e0aab6334b","appName":"c146e9ad-ee20-4c63-bcba-b4aac0316148","appComponentLibraryName":"de7b3b1a-60ba-4d36-bde3-f9b270dc2c45","appComponentLibraryVersion":"2023-12-30T02:26:48Z","appComponentLibraryLogicalName":"crfd0_materialdesign_d4b4d","environmentName":"default-a8fb3696-a663-448e-88f3-71804d2cb803"},{"appComponentName":"87bd74814c8a4ad6b8c81dd97b08e29a","appName":"c146e9ad-ee20-4c63-bcba-b4aac0316148","appComponentLibraryName":"de7b3b1a-60ba-4d36-bde3-f9b270dc2c45","appComponentLibraryVersion":"2023-12-30T02:26:48Z","appComponentLibraryLogicalName":"crfd0_materialdesign_d4b4d","environmentName":"default-a8fb3696-a663-448e-88f3-71804d2cb803"},{"appComponentName":"d5ab079be7274d008078e11ac93ba496","appName":"c146e9ad-ee20-4c63-bcba-b4aac0316148","appComponentLibraryName":"de7b3b1a-60ba-4d36-bde3-f9b270dc2c45","appComponentLibraryVersion":"2023-12-30T02:26:48Z","appComponentLibraryLogicalName":"crfd0_materialdesign_d4b4d","environmentName":"default-a8fb3696-a663-448e-88f3-71804d2cb803"},{"appComponentName":"d5b2cbb0c1ed45b1b825220e3e013e38","appName":"c146e9ad-ee20-4c63-bcba-b4aac0316148","appComponentLibraryName":"de7b3b1a-60ba-4d36-bde3-f9b270dc2c45","appComponentLibraryVersion":"2023-12-30T02:26:48Z","appComponentLibraryLogicalName":"crfd0_materialdesign_d4b4d","environmentName":"default-a8fb3696-a663-448e-88f3-71804d2cb803"},{"appComponentName":"d5d2091c2e864abcb8c86361164115f7","appName":"c146e9ad-ee20-4c63-bcba-b4aac0316148","appComponentLibraryName":"de7b3b1a-60ba-4d36-bde3-f9b270dc2c45","appComponentLibraryVersion":"2023-12-30T02:26:48Z","appComponentLibraryLogicalName":"crfd0_materialdesign_d4b4d","environmentName":"default-a8fb3696-a663-448e-88f3-71804d2cb803"},{"appComponentName":"d907fab5a4b140cd938795f8d46b9a61","appName":"c146e9ad-ee20-4c63-bcba-b4aac0316148","appComponentLibraryName":"de7b3b1a-60ba-4d36-bde3-f9b270dc2c45","appComponentLibraryVersion":"2023-12-30T02:26:48Z","appComponentLibraryLogicalName":"crfd0_materialdesign_d4b4d","environmentName":"default-a8fb3696-a663-448e-88f3-71804d2cb803"},{"appComponentName":"da2d3aa7c5144c2283af9b8cda689e71","appName":"c146e9ad-ee20-4c63-bcba-b4aac0316148","appComponentLibraryName":"de7b3b1a-60ba-4d36-bde3-f9b270dc2c45","appComponentLibraryVersion":"2023-12-30T02:26:48Z","appComponentLibraryLogicalName":"crfd0_materialdesign_d4b4d","environmentName":"default-a8fb3696-a663-448e-88f3-71804d2cb803"},{"appComponentName":"dfd30def668544d89545cf26305fc1ac","appName":"c146e9ad-ee20-4c63-bcba-b4aac0316148","appComponentLibraryName":"de7b3b1a-60ba-4d36-bde3-f9b270dc2c45","appComponentLibraryVersion":"2023-12-30T02:26:48Z","appComponentLibraryLogicalName":"crfd0_materialdesign_d4b4d","environmentName":"default-a8fb3696-a663-448e-88f3-71804d2cb803"},{"appComponentName":"e8e064b670974778a79b19eb89a5f5d0","appName":"c146e9ad-ee20-4c63-bcba-b4aac0316148","appComponentLibraryName":"de7b3b1a-60ba-4d36-bde3-f9b270dc2c45","appComponentLibraryVersion":"2023-12-30T02:26:48Z","appComponentLibraryLogicalName":"crfd0_materialdesign_d4b4d","environmentName":"default-a8fb3696-a663-448e-88f3-71804d2cb803"},{"appComponentName":"fa44e3bd90814b37964e20084938a528","appName":"c146e9ad-ee20-4c63-bcba-b4aac0316148","appComponentLibraryName":"de7b3b1a-60ba-4d36-bde3-f9b270dc2c45","appComponentLibraryVersion":"2023-12-30T02:26:48Z","appComponentLibraryLogicalName":"crfd0_materialdesign_d4b4d","environmentName":"default-a8fb3696-a663-448e-88f3-71804d2cb803"}]</AppComponentDependencies>
      <CanConsumeAppPass>1</CanConsumeAppPass>
      <CanvasAppType>0</CanvasAppType>
      <BypassConsent>0</BypassConsent>
      <AdminControlBypassConsent>0</AdminControlBypassConsent>
      <EmbeddedApp xsi:nil="true"></EmbeddedApp>
      <IntroducedVersion>1.0</IntroducedVersion>
      <CdsDependencies>{"cdsdependencies":[{"dependencyid":"47385a56-9f9a-ee11-be37-002248812c7f","componenttype":29,"componenttypeplatformname":"Workflow"},{"dependencyid":"044698eb-2a9e-ee11-be37-002248812c7f","componenttype":29,"componenttypeplatformname":"Workflow"},{"dependencyid":"7867da43-ef9e-ee11-be37-002248812c7f","componenttype":29,"componenttypeplatformname":"Workflow"},{"dependencyid":"95bb7f67-3ea6-ee11-be37-002248812c7f","componenttype":29,"componenttypeplatformname":"Workflow"},{"dependencyid":"80e42812-44a6-ee11-be37-002248812c7f","componenttype":29,"componenttypeplatformname":"Workflow"},{"dependencyid":"cde21fc7-c09f-ee11-be37-002248812c7f","componenttype":29,"componenttypeplatformname":"Workflow"},{"dependencyid":"6bb52b24-b9a6-ee11-be37-002248812c7f","componenttype":29,"componenttypeplatformname":"Workflow"},{"dependencyid":"397a1c03-a1a9-ee11-be37-002248812c7f","componenttype":29,"componenttypeplatformname":"Workflow"},{"dependencyid":"28fba8cb-0baa-ee11-be37-002248812c7f","componenttype":29,"componenttypeplatformname":"Workflow"},{"dependencyid":"f738d08f-38b6-ee11-a569-002248812c7f","componenttype":29,"componenttypeplatformname":"Workflow"},{"logicalname":"crfd0_materialdesign_d4b4d","componenttype":300,"componenttypeplatformname":"CanvasApp"}]}</CdsDependencies>
      <IsCustomizable>1</IsCustomizable>
      <BackgroundImageUri>/CanvasApps/ema_sharepointviewertemplate_93e56_BackgroundImageUri</BackgroundImageUri>
      <DocumentUri>/CanvasApps/ema_sharepointviewertemplate_93e56_DocumentUri.msapp</DocumentUri>
      <AdditionalUris>
        <AdditionalUri>/CanvasApps/ema_sharepointviewertemplate_93e56_AdditionalUris0_identity.json</AdditionalUri>
      </AdditionalUris>
    </CanvasApp>
    <CanvasApp>
      <Name>crfd0_materialdesign_d4b4d</Name>
      <AppVersion>2023-12-30T02:26:48Z</AppVersion>
      <Status>Ready</Status>
      <CreatedByClientVersion>3.23024.21.0</CreatedByClientVersion>
      <MinClientVersion>3.23024.21.0</MinClientVersion>
      <Tags>{"primaryDeviceWidth":"640","primaryDeviceHeight":"1136","supportsPortrait":"true","supportsLandscape":"true","primaryFormFactor":"Phone","publisherVersion":"3.23024.21","minimumRequiredApiVersion":"2.2.0","hasComponent":"true","hasUnlockedComponent":"true","isUnifiedRootApp":"false","sienaVersion":"20230310T200633Z-3.23024.21.0"}</Tags>
      <IsCdsUpgraded>0</IsCdsUpgraded>
      <GalleryItemId xsi:nil="true"></GalleryItemId>
      <BackgroundColor>RGBA(251,101,60,255)</BackgroundColor>
      <DisplayName>MaterialDesign</DisplayName>
      <Description></Description>
      <CommitMessage></CommitMessage>
      <Publisher></Publisher>
      <AuthorizationReferences>[]</AuthorizationReferences>
      <ConnectionReferences>{}</ConnectionReferences>
      <DatabaseReferences>{}</DatabaseReferences>
      <CanConsumeAppPass>1</CanConsumeAppPass>
      <CanvasAppType>1</CanvasAppType>
      <BypassConsent>0</BypassConsent>
      <EmbeddedApp xsi:nil="true"></EmbeddedApp>
      <IntroducedVersion>1.0</IntroducedVersion>
      <CdsDependencies>{"cdsdependencies":[]}</CdsDependencies>
      <IsCustomizable>1</IsCustomizable>
      <BackgroundImageUri>/CanvasApps/crfd0_materialdesign_d4b4d_BackgroundImageUri</BackgroundImageUri>
      <DocumentUri>/CanvasApps/crfd0_materialdesign_d4b4d_DocumentUri.msapp</DocumentUri>
    </CanvasApp>
  </CanvasApps>
  <connectionreferences>
    <connectionreference connectionreferencelogicalname="ema_OutlookConnectionReferenceSharePointViewer">
      <connectionreferencedisplayname>Outlook | SharePoint List Manager | Connection Reference</connectionreferencedisplayname>
      <connectorid>/providers/Microsoft.PowerApps/apis/shared_office365</connectorid>
      <iscustomizable>1</iscustomizable>
      <statecode>0</statecode>
      <statuscode>1</statuscode>
    </connectionreference>
    <connectionreference connectionreferencelogicalname="ema_sharedoffice365groups_28f3e">
      <connectionreferencedisplayname>Office 365 Groups | SharePoint List Manager | Connection Reference</connectionreferencedisplayname>
      <connectorid>/providers/Microsoft.PowerApps/apis/shared_office365groups</connectorid>
      <iscustomizable>1</iscustomizable>
      <statecode>0</statecode>
      <statuscode>1</statuscode>
    </connectionreference>
    <connectionreference connectionreferencelogicalname="ema_sharedsharepointonline_0e48a">
      <connectionreferencedisplayname>SharePoint PowerAppsAdventskalender-0e48a</connectionreferencedisplayname>
      <connectorid>/providers/Microsoft.PowerApps/apis/shared_sharepointonline</connectorid>
      <iscustomizable>1</iscustomizable>
      <statecode>0</statecode>
      <statuscode>1</statuscode>
    </connectionreference>
    <connectionreference connectionreferencelogicalname="ema_SharePointConnectionReference">
      <connectionreferencedisplayname>SharePoint Connection Reference</connectionreferencedisplayname>
      <connectorid>/providers/Microsoft.PowerApps/apis/shared_sharepointonline</connectorid>
      <iscustomizable>1</iscustomizable>
      <statecode>0</statecode>
      <statuscode>1</statuscode>
    </connectionreference>
    <connectionreference connectionreferencelogicalname="ema_SharePointConnectionReferenceSharePointViewer">
      <connectionreferencedisplayname>SharePoint | SharePoint List Manager | Connection Reference</connectionreferencedisplayname>
      <connectorid>/providers/Microsoft.PowerApps/apis/shared_sharepointonline</connectorid>
      <iscustomizable>1</iscustomizable>
      <statecode>0</statecode>
      <statuscode>1</statuscode>
    </connectionreference>
    <connectionreference connectionreferencelogicalname="new_SharePointConnectionReference">
      <connectionreferencedisplayname>SharePoint Connection Reference</connectionreferencedisplayname>
      <connectorid>/providers/Microsoft.PowerApps/apis/shared_sharepointonline</connectorid>
      <iscustomizable>1</iscustomizable>
      <statecode>0</statecode>
      <statuscode>1</statuscode>
    </connectionreference>
  </connectionreferences>
  <Languages>
    <Language>1031</Language>
  </Languages>
</ImportExportXml>