<ImportExportXml version="9.2.23122.190" SolutionPackageVersion="9.2" languagecode="1031" generatedBy="CrmLive" xmlns:xsi="http://www.w3.org/2001/XMLSchema-instance">
  <SolutionManifest>
    <UniqueName>SharePointViewer</UniqueName>
    <LocalizedNames>
      <LocalizedName description="SharePoint List Manager" languagecode="1031" />
    </LocalizedNames>
    <Descriptions />
    <Version>1.0.0.3</Version>
    <Managed>0</Managed>
    <Publisher>
      <UniqueName>EinfachMachen_GmbH</UniqueName>
      <LocalizedNames>
        <LocalizedName description="EinfachMachen_GmbH" languagecode="1031" />
      </LocalizedNames>
      <Descriptions />
      <EMailAddress>info@ema-sh.de</EMailAddress>
      <SupportingWebsiteUrl>www.ema-sh.de</SupportingWebsiteUrl>
      <CustomizationPrefix>ema</CustomizationPrefix>
      <CustomizationOptionValuePrefix>78761</CustomizationOptionValuePrefix>
      <Addresses>
        <Address>
          <AddressNumber>1</AddressNumber>
          <AddressTypeCode>1</AddressTypeCode>
          <City>Süderdorf</City>
          <County xsi:nil="true"></County>
          <Country>Germany</Country>
          <Fax xsi:nil="true"></Fax>
          <FreightTermsCode xsi:nil="true"></FreightTermsCode>
          <ImportSequenceNumber xsi:nil="true"></ImportSequenceNumber>
          <Latitude xsi:nil="true"></Latitude>
          <Line1>Schelrader Str. 22</Line1>
          <Line2 xsi:nil="true"></Line2>
          <Line3 xsi:nil="true"></Line3>
          <Longitude xsi:nil="true"></Longitude>
          <Name xsi:nil="true"></Name>
          <PostalCode>25782</PostalCode>
          <PostOfficeBox xsi:nil="true"></PostOfficeBox>
          <PrimaryContactName xsi:nil="true"></PrimaryContactName>
          <ShippingMethodCode>1</ShippingMethodCode>
          <StateOrProvince>Schleswig-Holstein</StateOrProvince>
          <Telephone1 xsi:nil="true"></Telephone1>
          <Telephone2 xsi:nil="true"></Telephone2>
          <Telephone3 xsi:nil="true"></Telephone3>
          <TimeZoneRuleVersionNumber xsi:nil="true"></TimeZoneRuleVersionNumber>
          <UPSZone xsi:nil="true"></UPSZone>
          <UTCOffset xsi:nil="true"></UTCOffset>
          <UTCConversionTimeZoneCode xsi:nil="true"></UTCConversionTimeZoneCode>
        </Address>
        <Address>
          <AddressNumber>2</AddressNumber>
          <AddressTypeCode>1</AddressTypeCode>
          <City xsi:nil="true"></City>
          <County xsi:nil="true"></County>
          <Country xsi:nil="true"></Country>
          <Fax xsi:nil="true"></Fax>
          <FreightTermsCode xsi:nil="true"></FreightTermsCode>
          <ImportSequenceNumber xsi:nil="true"></ImportSequenceNumber>
          <Latitude xsi:nil="true"></Latitude>
          <Line1 xsi:nil="true"></Line1>
          <Line2 xsi:nil="true"></Line2>
          <Line3 xsi:nil="true"></Line3>
          <Longitude xsi:nil="true"></Longitude>
          <Name xsi:nil="true"></Name>
          <PostalCode xsi:nil="true"></PostalCode>
          <PostOfficeBox xsi:nil="true"></PostOfficeBox>
          <PrimaryContactName xsi:nil="true"></PrimaryContactName>
          <ShippingMethodCode>1</ShippingMethodCode>
          <StateOrProvince xsi:nil="true"></StateOrProvince>
          <Telephone1 xsi:nil="true"></Telephone1>
          <Telephone2 xsi:nil="true"></Telephone2>
          <Telephone3 xsi:nil="true"></Telephone3>
          <TimeZoneRuleVersionNumber xsi:nil="true"></TimeZoneRuleVersionNumber>
          <UPSZone xsi:nil="true"></UPSZone>
          <UTCOffset xsi:nil="true"></UTCOffset>
          <UTCConversionTimeZoneCode xsi:nil="true"></UTCConversionTimeZoneCode>
        </Address>
      </Addresses>
    </Publisher>
    <RootComponents>
      <RootComponent type="29" id="{044698eb-2a9e-ee11-be37-002248812c7f}" behavior="0" />
      <RootComponent type="29" id="{28fba8cb-0baa-ee11-be37-002248812c7f}" behavior="0" />
      <RootComponent type="29" id="{397a1c03-a1a9-ee11-be37-002248812c7f}" behavior="0" />
      <RootComponent type="29" id="{47385a56-9f9a-ee11-be37-002248812c7f}" behavior="0" />
      <RootComponent type="29" id="{6bb52b24-b9a6-ee11-be37-002248812c7f}" behavior="0" />
      <RootComponent type="29" id="{7867da43-ef9e-ee11-be37-002248812c7f}" behavior="0" />
      <RootComponent type="29" id="{80e42812-44a6-ee11-be37-002248812c7f}" behavior="0" />
      <RootComponent type="29" id="{95bb7f67-3ea6-ee11-be37-002248812c7f}" behavior="0" />
      <RootComponent type="29" id="{cde21fc7-c09f-ee11-be37-002248812c7f}" behavior="0" />
      <RootComponent type="29" id="{f738d08f-38b6-ee11-a569-002248812c7f}" behavior="0" />
      <RootComponent type="300" schemaName="crfd0_materialdesign_d4b4d" behavior="0" />
      <RootComponent type="300" schemaName="ema_sharepointviewertemplate_93e56" behavior="0" />
    </RootComponents>
    <MissingDependencies />
  </SolutionManifest>
</ImportExportXml>