{
  "properties": {
    "connectionReferences": {
      "shared_office365_1": {
        "runtimeSource": "invoker",
        "connection": {
          "connectionReferenceLogicalName": "ema_OutlookConnectionReferenceSharePointViewer"
        },
        "api": {
          "name": "shared_office365"
        }
      },
      "shared_sharepointonline_3": {
        "runtimeSource": "invoker",
        "connection": {
          "connectionReferenceLogicalName": "ema_sharedsharepointonline_0e48a"
        },
        "api": {
          "name": "shared_sharepointonline"
        }
      }
    },
    "definition": {
      "$schema": "https://schema.management.azure.com/providers/Microsoft.Logic/schemas/2016-06-01/workflowdefinition.json#",
      "contentVersion": "1.0.0.0",
      "parameters": {
        "$connections": {
          "defaultValue": {},
          "type": "Object"
        },
        "$authentication": {
          "defaultValue": {},
          "type": "SecureObject"
        }
      },
      "triggers": {
        "manual": {
          "metadata": {
            "operationMetadataId": "4b60d517-8a06-4c82-9afb-c73ecd8f74a3"
          },
          "type": "Request",
          "kind": "PowerAppV2",
          "inputs": {
            "schema": {
              "type": "object",
              "properties": {
                "text": {
                  "title": "SharePoint_Site",
                  "type": "string",
                  "x-ms-dynamically-added": true,
                  "description": "Eingabe eingeben",
                  "x-ms-content-hint": "TEXT"
                },
                "text_1": {
                  "title": "SharePoint_List",
                  "type": "string",
                  "x-ms-dynamically-added": true,
                  "description": "Eingabe eingeben",
                  "x-ms-content-hint": "TEXT"
                }
              },
              "required": [
                "text",
                "text_1"
              ]
            }
          }
        }
      },
      "actions": {
        "Exception_handler": {
          "actions": {
            "Send_an_email_(V2)_|_Send_mail_to_exception_receiver": {
              "runAfter": {
                "Create_HTML_table_|_Create_table_with_errors": [
                  "Succeeded"
                ]
              },
              "metadata": {
                "operationMetadataId": "4b1db751-6212-42a0-ac89-77d6a5ac3a3f"
              },
              "type": "OpenApiConnection",
              "inputs": {
                "host": {
                  "connectionName": "shared_office365_1",
                  "operationId": "SendEmailV2",
                  "apiId": "/providers/Microsoft.PowerApps/apis/shared_office365"
                },
                "parameters": {
                  "emailMessage/To": "@outputs('Compose_|_Exception_receiver')",
                  "emailMessage/Subject": "Error with a flow: @{workflow()['tags']['flowDisplayName']}",
                  "emailMessage/Body": "<p>Error with the flow. See the table below.<br>\n<br>\n<strong>Technical Name:</strong> @{workflow()['Name']}<br>\n<strong>Display Name:</strong> @{workflow()['tags']['flowDisplayName']}<br>\n<strong>Environment Name: </strong>@{workflow()['tags']['environmentName']}<br>\n<br>\n<strong>Link to flow run: </strong>@{concat('https://make.powerautomate.com/manage/environments/', workflow()?['tags']?['environmentName'], '/flows/', workflow()?['name'], '/runs/', workflow()?['run']['name'])}<br>\n<strong>Link to the flow:</strong> @{concat('https://make.powerautomate.com/manage/environments/', workflow()?['tags']?['environmentName'], '/flows/', workflow()?['name'])}<br>\n<br>\n@{body('Create_HTML_table_|_Create_table_with_errors')}</p>",
                  "emailMessage/Importance": "Normal"
                },
                "authentication": "@parameters('$authentication')"
              }
            },
            "Terminate": {
              "runAfter": {
                "Send_an_email_(V2)_|_Send_mail_to_exception_receiver": [
                  "Succeeded"
                ]
              },
              "metadata": {
                "operationMetadataId": "08fc212b-4ecf-43e6-a829-b6f9d31661aa"
              },
              "type": "Terminate",
              "inputs": {
                "runStatus": "Failed"
              }
            },
            "Create_HTML_table_|_Create_table_with_errors": {
              "runAfter": {
                "Compose_|_Exception_receiver": [
                  "Succeeded"
                ]
              },
              "metadata": {
                "operationMetadataId": "ab172923-2ad3-4b5e-aac4-59086c8a3fb1"
              },
              "type": "Table",
              "inputs": {
                "from": "@result('Main')",
                "format": "HTML",
                "columns": [
                  {
                    "header": "name",
                    "value": "@item()?['name']"
                  },
                  {
                    "header": "code",
                    "value": "@item()?['code']"
                  },
                  {
                    "header": "status",
                    "value": "@item()?['status']"
                  },
                  {
                    "header": "code",
                    "value": "@item()?['error']?['code']"
                  },
                  {
                    "header": "message",
                    "value": "@item()?['error']?['message']"
                  }
                ]
              }
            },
            "Respond_to_a_PowerApp_or_flow_|_Respond_Error": {
              "runAfter": {},
              "metadata": {
                "operationMetadataId": "b5ab2e68-1842-441c-80df-f41f27e4999d"
              },
              "type": "Response",
              "kind": "PowerApp",
              "inputs": {
                "statusCode": 200,
                "body": {
                  "response": "@{null}",
                  "status": "There was a problem in the flow. You have received an email with further information."
                },
                "schema": {
                  "type": "object",
                  "properties": {
                    "response": {
                      "title": "response",
                      "x-ms-dynamically-added": true,
                      "type": "string"
                    },
                    "status": {
                      "title": "status",
                      "x-ms-dynamically-added": true,
                      "type": "string"
                    }
                  }
                }
              }
            },
            "Compose_|_Exception_receiver": {
              "runAfter": {
                "Respond_to_a_PowerApp_or_flow_|_Respond_Error": [
                  "Succeeded"
                ]
              },
              "metadata": {
                "operationMetadataId": "6ef64c46-bdb5-4b98-9eac-2b52877e5170"
              },
              "type": "Compose",
              "inputs": "@triggerOutputs()['headers']['x-ms-user-email-encoded']"
            }
          },
          "runAfter": {
            "Main": [
              "Failed"
            ]
          },
          "metadata": {
            "operationMetadataId": "7778dea0-b063-4bf8-b510-0a3a638c2d4d"
          },
          "type": "Scope",
          "description": "this scope handles exceptions / errors from the upper scope. if within upper scope any error occurs, this scope runs, sends message to the powerapps and via mail to the person who triggered the flow"
        },
        "Main": {
          "actions": {
            "Send_an_HTTP_request_to_SharePoint_|_Get_All_Views": {
              "runAfter": {},
              "metadata": {
                "operationMetadataId": "bd6754b2-3869-4bf7-a554-ad23503a9c7f"
              },
              "type": "OpenApiConnection",
              "inputs": {
                "host": {
                  "connectionName": "shared_sharepointonline_3",
                  "operationId": "HttpRequest",
                  "apiId": "/providers/Microsoft.PowerApps/apis/shared_sharepointonline"
                },
                "parameters": {
                  "dataset": "@triggerBody()['text']",
                  "parameters/method": "GET",
                  "parameters/uri": "_api/web/lists/getbyid('@{triggerBody()['text_1']}')/Views/\n",
                  "parameters/headers": {
                    "Accept": "application/json; odata=verbose",
                    "Content-Type": "application/json"
                  },
                  "parameters/body": "\n"
                },
                "authentication": "@parameters('$authentication')"
              },
              "description": "based on the selected list, all views from that list get retrieved."
            },
            "Select": {
              "runAfter": {
                "Send_an_HTTP_request_to_SharePoint_|_Get_All_Views": [
                  "Succeeded"
                ]
              },
              "metadata": {
                "operationMetadataId": "c7262ba8-35d8-4450-9fa7-25bc6ad110fe"
              },
              "type": "Select",
              "inputs": {
                "from": "@body('Send_an_HTTP_request_to_SharePoint_|_Get_All_Views')['d']['results']",
                "select": {
                  "Id": "@item()['Id']",
                  "Title": "@item()['Title']",
                  "DefaultView": "@item()['DefaultView']",
                  "PersonalView": "@item()['PersonalView']",
                  "ViewFieldsUri": "@last(split(item()['ViewFields']?['__deferred']?['uri'],'_api'))\r\n"
                }
              },
              "description": "columns get selected. for viewfields uri the uri gets split, because we use it in the flow 4.2 | SharePoint Viewer | Get Fields per List View | Instant. Everything after \"_api\" is send to the powerapps"
            },
            "Auf_eine_PowerApp_oder_einen_Flow_antworten": {
              "runAfter": {
                "Select": [
                  "Succeeded"
                ]
              },
              "metadata": {
                "operationMetadataId": "7e29703d-ac8f-4d3b-abcc-3bb97fa35f1c"
              },
              "type": "Response",
              "kind": "PowerApp",
              "inputs": {
                "statusCode": 200,
                "body": {
                  "response": "@{string(body('Select'))}",
                  "status": "The flow ran successfully!"
                },
                "schema": {
                  "type": "object",
                  "properties": {
                    "response": {
                      "title": "response",
                      "x-ms-dynamically-added": true,
                      "type": "string"
                    },
                    "status": {
                      "title": "status",
                      "x-ms-dynamically-added": true,
                      "type": "string"
                    }
                  }
                }
              },
              "description": "array with list views and status nofication is sent to the power app"
            }
          },
          "runAfter": {},
          "metadata": {
            "operationMetadataId": "05be85ae-56fa-4514-b3fc-58af18ffdf1d"
          },
          "type": "Scope"
        }
      }
    },
    "templateName": ""
  },
  "schemaVersion": "1.0.0.0"
}