{
  "properties": {
    "connectionReferences": {
      "shared_office365_1": {
        "runtimeSource": "invoker",
        "connection": {
          "connectionReferenceLogicalName": "ema_OutlookConnectionReferenceSharePointViewer"
        },
        "api": {
          "name": "shared_office365"
        }
      },
      "shared_sharepointonline": {
        "runtimeSource": "invoker",
        "connection": {
          "connectionReferenceLogicalName": "ema_SharePointConnectionReference"
        },
        "api": {
          "name": "shared_sharepointonline"
        }
      }
    },
    "definition": {
      "$schema": "https://schema.management.azure.com/providers/Microsoft.Logic/schemas/2016-06-01/workflowdefinition.json#",
      "contentVersion": "1.0.0.0",
      "parameters": {
        "$connections": {
          "defaultValue": {},
          "type": "Object"
        },
        "$authentication": {
          "defaultValue": {},
          "type": "SecureObject"
        }
      },
      "triggers": {
        "manual": {
          "metadata": {
            "operationMetadataId": "e6f6406c-8094-429b-b7c2-5fb89bbadb1b"
          },
          "type": "Request",
          "kind": "PowerAppV2",
          "inputs": {
            "schema": {
              "type": "object",
              "properties": {
                "text": {
                  "title": "SharePoint_Site",
                  "type": "string",
                  "x-ms-dynamically-added": true,
                  "description": "Please enter your input",
                  "x-ms-content-hint": "TEXT"
                },
                "text_1": {
                  "title": "SharePoint_List",
                  "type": "string",
                  "x-ms-dynamically-added": true,
                  "description": "Please enter your input",
                  "x-ms-content-hint": "TEXT"
                }
              },
              "required": [
                "text",
                "text_1"
              ]
            }
          }
        }
      },
      "actions": {
        "Exception_handler": {
          "actions": {
            "Send_an_email_(V2)_|_Send_mail_to_exception_receiver": {
              "runAfter": {
                "Create_HTML_table_|_Create_table_with_errors": [
                  "Succeeded"
                ]
              },
              "metadata": {
                "operationMetadataId": "4b1db751-6212-42a0-ac89-77d6a5ac3a3f"
              },
              "type": "OpenApiConnection",
              "inputs": {
                "host": {
                  "connectionName": "shared_office365_1",
                  "operationId": "SendEmailV2",
                  "apiId": "/providers/Microsoft.PowerApps/apis/shared_office365"
                },
                "parameters": {
                  "emailMessage/To": "@outputs('Compose_|_Exception_receiver')",
                  "emailMessage/Subject": "Error with a flow: @{workflow()['tags']['flowDisplayName']}",
                  "emailMessage/Body": "<p>Error with the flow. See the table below.<br>\n<br>\n<strong>Technical Name:</strong> @{workflow()['Name']}<br>\n<strong>Display Name:</strong> @{workflow()['tags']['flowDisplayName']}<br>\n<strong>Environment Name: </strong>@{workflow()['tags']['environmentName']}<br>\n<br>\n<strong>Link to flow run: </strong>@{concat('https://make.powerautomate.com/manage/environments/', workflow()?['tags']?['environmentName'], '/flows/', workflow()?['name'], '/runs/', workflow()?['run']['name'])}<br>\n<strong>Link to the flow:</strong> @{concat('https://make.powerautomate.com/manage/environments/', workflow()?['tags']?['environmentName'], '/flows/', workflow()?['name'])}<br>\n<br>\n@{body('Create_HTML_table_|_Create_table_with_errors')}</p>",
                  "emailMessage/Importance": "Normal"
                },
                "authentication": "@parameters('$authentication')"
              }
            },
            "Terminate": {
              "runAfter": {
                "Send_an_email_(V2)_|_Send_mail_to_exception_receiver": [
                  "Succeeded"
                ]
              },
              "metadata": {
                "operationMetadataId": "08fc212b-4ecf-43e6-a829-b6f9d31661aa"
              },
              "type": "Terminate",
              "inputs": {
                "runStatus": "Failed"
              }
            },
            "Create_HTML_table_|_Create_table_with_errors": {
              "runAfter": {
                "Compose_|_Exception_receiver": [
                  "Succeeded"
                ]
              },
              "metadata": {
                "operationMetadataId": "ab172923-2ad3-4b5e-aac4-59086c8a3fb1"
              },
              "type": "Table",
              "inputs": {
                "from": "@result('Main')",
                "format": "HTML",
                "columns": [
                  {
                    "header": "name",
                    "value": "@item()?['name']"
                  },
                  {
                    "header": "code",
                    "value": "@item()?['code']"
                  },
                  {
                    "header": "status",
                    "value": "@item()?['status']"
                  },
                  {
                    "header": "code",
                    "value": "@item()?['error']?['code']"
                  },
                  {
                    "header": "message",
                    "value": "@item()?['error']?['message']"
                  }
                ]
              }
            },
            "Respond_to_a_PowerApp_or_flow_|_Respond_Error": {
              "runAfter": {},
              "metadata": {
                "operationMetadataId": "b5ab2e68-1842-441c-80df-f41f27e4999d"
              },
              "type": "Response",
              "kind": "PowerApp",
              "inputs": {
                "statusCode": 200,
                "body": {
                  "status": "There was a problem in the flow. You have received an email with further information."
                },
                "schema": {
                  "type": "object",
                  "properties": {
                    "status": {
                      "title": "status",
                      "x-ms-dynamically-added": true,
                      "type": "string"
                    }
                  }
                }
              }
            },
            "Compose_|_Exception_receiver": {
              "runAfter": {
                "Respond_to_a_PowerApp_or_flow_|_Respond_Error": [
                  "Succeeded"
                ]
              },
              "metadata": {
                "operationMetadataId": "6ef64c46-bdb5-4b98-9eac-2b52877e5170"
              },
              "type": "Compose",
              "inputs": "@triggerOutputs()['headers']['x-ms-user-email-encoded']"
            }
          },
          "runAfter": {
            "Main": [
              "Failed"
            ]
          },
          "metadata": {
            "operationMetadataId": "7778dea0-b063-4bf8-b510-0a3a638c2d4d"
          },
          "type": "Scope",
          "description": "this scope handles exceptions / errors from the upper scope. if within upper scope any error occurs, this scope runs, sends message to the powerapps and via mail to the person who triggered the flow"
        },
        "Main": {
          "actions": {
            "Send_an_HTTP_request_to_SharePoint": {
              "runAfter": {},
              "metadata": {
                "operationMetadataId": "96f8e4cd-3a4b-485d-8027-515a6fb2eb3c"
              },
              "type": "OpenApiConnection",
              "inputs": {
                "host": {
                  "connectionName": "shared_sharepointonline",
                  "operationId": "HttpRequest",
                  "apiId": "/providers/Microsoft.PowerApps/apis/shared_sharepointonline"
                },
                "parameters": {
                  "dataset": "@triggerBody()['text']",
                  "parameters/method": "DELETE",
                  "parameters/uri": "_api/web/lists/getbyid('@{triggerBody()['text_1']}')",
                  "parameters/headers": {
                    "IF-MATCH": "*"
                  }
                },
                "authentication": "@parameters('$authentication')"
              }
            },
            "Respond_to_a_PowerApp_or_flow": {
              "runAfter": {
                "Send_an_HTTP_request_to_SharePoint": [
                  "Succeeded"
                ]
              },
              "metadata": {
                "operationMetadataId": "b5ab2e68-1842-441c-80df-f41f27e4999d"
              },
              "type": "Response",
              "kind": "PowerApp",
              "inputs": {
                "statusCode": 200,
                "body": {
                  "status": "The flow ran sucessfully!"
                },
                "schema": {
                  "type": "object",
                  "properties": {
                    "status": {
                      "title": "status",
                      "x-ms-dynamically-added": true,
                      "type": "string"
                    }
                  }
                }
              },
              "description": "status notification is sent to power apps"
            }
          },
          "runAfter": {},
          "metadata": {
            "operationMetadataId": "92c3d833-1ede-40da-9a33-f48d52c66f19"
          },
          "type": "Scope"
        }
      }
    },
    "templateName": ""
  },
  "schemaVersion": "1.0.0.0"
}