{
  "properties": {
    "connectionReferences": {
      "shared_office365groups": {
        "runtimeSource": "invoker",
        "connection": {
          "connectionReferenceLogicalName": "ema_sharedoffice365groups_28f3e"
        },
        "api": {
          "name": "shared_office365groups"
        }
      },
      "shared_office365_1": {
        "runtimeSource": "invoker",
        "connection": {
          "connectionReferenceLogicalName": "ema_OutlookConnectionReferenceSharePointViewer"
        },
        "api": {
          "name": "shared_office365"
        }
      }
    },
    "definition": {
      "$schema": "https://schema.management.azure.com/providers/Microsoft.Logic/schemas/2016-06-01/workflowdefinition.json#",
      "contentVersion": "1.0.0.0",
      "parameters": {
        "$connections": {
          "defaultValue": {},
          "type": "Object"
        },
        "$authentication": {
          "defaultValue": {},
          "type": "SecureObject"
        }
      },
      "triggers": {
        "manual": {
          "metadata": {
            "operationMetadataId": "b24642cb-1ef3-478e-9bae-321c4d1c134b"
          },
          "type": "Request",
          "kind": "PowerAppV2",
          "inputs": {
            "schema": {
              "type": "object",
              "properties": {},
              "required": []
            }
          }
        }
      },
      "actions": {
        "Main": {
          "actions": {
            "Send_an_HTTP_request": {
              "runAfter": {},
              "metadata": {
                "operationMetadataId": "a3144b0a-a7cd-44c2-ab75-bed6f304bc4b"
              },
              "type": "OpenApiConnection",
              "inputs": {
                "host": {
                  "connectionName": "shared_office365groups",
                  "operationId": "HttpRequest",
                  "apiId": "/providers/Microsoft.PowerApps/apis/shared_office365groups"
                },
                "parameters": {
                  "Uri": "https://graph.microsoft.com/v1.0/sites?search=*",
                  "Method": "GET",
                  "ContentType": "application/json"
                },
                "authentication": "@parameters('$authentication')"
              },
              "description": "With this action all sharepoint sites are retrieved using graph api search=*"
            },
            "Parse_JSON": {
              "runAfter": {
                "Send_an_HTTP_request": [
                  "Succeeded"
                ]
              },
              "metadata": {
                "operationMetadataId": "f05b6748-2fae-4255-94e8-53243194049e"
              },
              "type": "ParseJson",
              "inputs": {
                "content": "@body('Send_an_HTTP_request')",
                "schema": {
                  "type": "object",
                  "properties": {
                    "@@odata.context": {
                      "type": "string"
                    },
                    "value": {
                      "type": "array",
                      "items": {
                        "type": "object",
                        "properties": {
                          "createdDateTime": {
                            "type": "string"
                          },
                          "description": {
                            "type": "string"
                          },
                          "id": {
                            "type": "string"
                          },
                          "lastModifiedDateTime": {
                            "type": "string"
                          },
                          "name": {
                            "type": "string"
                          },
                          "webUrl": {
                            "type": "string"
                          },
                          "displayName": {
                            "type": "string"
                          },
                          "root": {
                            "type": "object",
                            "properties": {}
                          },
                          "siteCollection": {
                            "type": "object",
                            "properties": {
                              "hostname": {
                                "type": "string"
                              }
                            }
                          }
                        },
                        "required": [
                          "createdDateTime",
                          "id",
                          "lastModifiedDateTime",
                          "name",
                          "webUrl",
                          "displayName"
                        ]
                      }
                    }
                  }
                }
              },
              "description": "ParseJSON is used to make the payload easier accessible within the flow"
            },
            "Select": {
              "runAfter": {
                "Parse_JSON": [
                  "Succeeded"
                ]
              },
              "metadata": {
                "operationMetadataId": "e2d3acfc-a337-4443-a659-6b8c5998a9c6"
              },
              "type": "Select",
              "inputs": {
                "from": "@body('Send_an_HTTP_request')?['value']",
                "select": {
                  "weburl": "@item()?['weburl']",
                  "displayName": "@item()['displayName']"
                }
              },
              "description": "currently only weburl is selected from the array. feel free to add specific columns you need for your use case"
            },
            "Respond_to_a_PowerApp_or_flow": {
              "runAfter": {
                "Select": [
                  "Succeeded"
                ]
              },
              "metadata": {
                "operationMetadataId": "b5ab2e68-1842-441c-80df-f41f27e4999d"
              },
              "type": "Response",
              "kind": "PowerApp",
              "inputs": {
                "statusCode": 200,
                "body": {
                  "response": "@{body('Select')}",
                  "status": "The flow ran successfully!"
                },
                "schema": {
                  "type": "object",
                  "properties": {
                    "response": {
                      "title": "response",
                      "x-ms-dynamically-added": true,
                      "type": "string"
                    },
                    "status": {
                      "title": "status",
                      "x-ms-dynamically-added": true,
                      "type": "string"
                    }
                  }
                }
              },
              "description": "the array gets send as json string to the power app (response). status is submitted. in this case the flow ran successfully"
            }
          },
          "runAfter": {},
          "metadata": {
            "operationMetadataId": "4c6ce29c-ff84-432a-a7cb-05b8986f13c8"
          },
          "type": "Scope"
        },
        "Exception_handler": {
          "actions": {
            "Send_an_email_(V2)_|_Send_mail_to_exception_receiver": {
              "runAfter": {
                "Create_HTML_table_|_Create_table_with_errors": [
                  "Succeeded"
                ]
              },
              "metadata": {
                "operationMetadataId": "4b1db751-6212-42a0-ac89-77d6a5ac3a3f"
              },
              "type": "OpenApiConnection",
              "inputs": {
                "host": {
                  "connectionName": "shared_office365_1",
                  "operationId": "SendEmailV2",
                  "apiId": "/providers/Microsoft.PowerApps/apis/shared_office365"
                },
                "parameters": {
                  "emailMessage/To": "@outputs('Compose_|_Exception_receiver')",
                  "emailMessage/Subject": "Error with a flow: @{workflow()['tags']['flowDisplayName']}",
                  "emailMessage/Body": "<p>Error with the flow. See the table below.<br>\n<br>\n<strong>Technical Name:</strong> @{workflow()['Name']}<br>\n<strong>Display Name:</strong> @{workflow()['tags']['flowDisplayName']}<br>\n<strong>Environment Name: </strong>@{workflow()['tags']['environmentName']}<br>\n<br>\n<strong>Link to flow run: </strong>@{concat('https://make.powerautomate.com/manage/environments/', workflow()?['tags']?['environmentName'], '/flows/', workflow()?['name'], '/runs/', workflow()?['run']['name'])}<br>\n<strong>Link to the flow:</strong> @{concat('https://make.powerautomate.com/manage/environments/', workflow()?['tags']?['environmentName'], '/flows/', workflow()?['name'])}<br>\n<br>\n@{body('Create_HTML_table_|_Create_table_with_errors')}</p>",
                  "emailMessage/Importance": "Normal"
                },
                "authentication": "@parameters('$authentication')"
              }
            },
            "Terminate": {
              "runAfter": {
                "Send_an_email_(V2)_|_Send_mail_to_exception_receiver": [
                  "Succeeded"
                ]
              },
              "metadata": {
                "operationMetadataId": "08fc212b-4ecf-43e6-a829-b6f9d31661aa"
              },
              "type": "Terminate",
              "inputs": {
                "runStatus": "Failed"
              }
            },
            "Create_HTML_table_|_Create_table_with_errors": {
              "runAfter": {
                "Compose_|_Exception_receiver": [
                  "Succeeded"
                ]
              },
              "metadata": {
                "operationMetadataId": "ab172923-2ad3-4b5e-aac4-59086c8a3fb1"
              },
              "type": "Table",
              "inputs": {
                "from": "@result('Main')",
                "format": "HTML",
                "columns": [
                  {
                    "header": "name",
                    "value": "@item()?['name']"
                  },
                  {
                    "header": "code",
                    "value": "@item()?['code']"
                  },
                  {
                    "header": "status",
                    "value": "@item()?['status']"
                  },
                  {
                    "header": "code",
                    "value": "@item()?['error']?['code']"
                  },
                  {
                    "header": "message",
                    "value": "@item()?['error']?['message']"
                  }
                ]
              }
            },
            "Respond_to_a_PowerApp_or_flow_|_Respond_Error": {
              "runAfter": {},
              "metadata": {
                "operationMetadataId": "b5ab2e68-1842-441c-80df-f41f27e4999d"
              },
              "type": "Response",
              "kind": "PowerApp",
              "inputs": {
                "statusCode": 200,
                "body": {
                  "response": "@{null}",
                  "status": "There was a problem in the flow. You have received an email with further information."
                },
                "schema": {
                  "type": "object",
                  "properties": {
                    "response": {
                      "title": "response",
                      "x-ms-dynamically-added": true,
                      "type": "string"
                    },
                    "status": {
                      "title": "status",
                      "x-ms-dynamically-added": true,
                      "type": "string"
                    }
                  }
                }
              }
            },
            "Compose_|_Exception_receiver": {
              "runAfter": {
                "Respond_to_a_PowerApp_or_flow_|_Respond_Error": [
                  "Succeeded"
                ]
              },
              "metadata": {
                "operationMetadataId": "6ef64c46-bdb5-4b98-9eac-2b52877e5170"
              },
              "type": "Compose",
              "inputs": "@triggerOutputs()['headers']['x-ms-user-email-encoded']"
            }
          },
          "runAfter": {
            "Main": [
              "Failed"
            ]
          },
          "metadata": {
            "operationMetadataId": "7778dea0-b063-4bf8-b510-0a3a638c2d4d"
          },
          "type": "Scope",
          "description": "this scope handles exceptions / errors from the upper scope. if within upper scope any error occurs, this scope runs, sends message to the powerapps and via mail to the person who triggered the flow"
        }
      }
    },
    "templateName": ""
  },
  "schemaVersion": "1.0.0.0"
}