{
  "properties": {
    "connectionReferences": {
      "shared_sharepointonline_1": {
        "runtimeSource": "invoker",
        "connection": {
          "connectionReferenceLogicalName": "new_SharePointConnectionReference"
        },
        "api": {
          "name": "shared_sharepointonline"
        }
      },
      "shared_office365_1": {
        "runtimeSource": "invoker",
        "connection": {
          "connectionReferenceLogicalName": "ema_OutlookConnectionReferenceSharePointViewer"
        },
        "api": {
          "name": "shared_office365"
        }
      }
    },
    "definition": {
      "$schema": "https://schema.management.azure.com/providers/Microsoft.Logic/schemas/2016-06-01/workflowdefinition.json#",
      "contentVersion": "1.0.0.0",
      "parameters": {
        "$connections": {
          "defaultValue": {},
          "type": "Object"
        },
        "$authentication": {
          "defaultValue": {},
          "type": "SecureObject"
        }
      },
      "triggers": {
        "manual": {
          "metadata": {
            "operationMetadataId": "029dc2d2-4124-4ef8-8247-9136d7136fec"
          },
          "type": "Request",
          "kind": "PowerAppV2",
          "inputs": {
            "schema": {
              "type": "object",
              "properties": {
                "text": {
                  "title": "SharePointListOrLib",
                  "type": "string",
                  "x-ms-dynamically-added": true,
                  "description": "Please enter your input",
                  "x-ms-content-hint": "TEXT"
                },
                "text_1": {
                  "description": "Please enter your input",
                  "title": "SharePointSite",
                  "type": "string",
                  "x-ms-content-hint": "TEXT",
                  "x-ms-dynamically-added": true
                },
                "text_2": {
                  "description": "Please enter your input",
                  "title": "CreatedLessEquals",
                  "type": "string",
                  "x-ms-content-hint": "TEXT",
                  "x-ms-dynamically-added": true
                },
                "number": {
                  "description": "Please enter a number",
                  "title": "Top",
                  "type": "number",
                  "x-ms-content-hint": "NUMBER",
                  "x-ms-dynamically-added": true
                }
              },
              "required": [
                "text",
                "text_1",
                "text_2",
                "number"
              ]
            }
          }
        }
      },
      "actions": {
        "Main": {
          "actions": {
            "Select": {
              "runAfter": {
                "Verfassen": [
                  "Succeeded"
                ]
              },
              "metadata": {
                "operationMetadataId": "8785a12e-dd99-434f-adf4-32e74ab16fea"
              },
              "type": "Select",
              "inputs": {
                "from": "@body('Send_an_HTTP_request_to_SharePoint')['d']['results']",
                "select": {
                  "Name": "@{item()['File']?['Name']}",
                  "Created": "@{item()['Created']}",
                  "Modified": "@{item()['Modified']}",
                  "LinkingUri": "@{item()['File']?['LinkingUri']}"
                }
              },
              "description": "the title as well as the ItemCount (how many items are in this list) get retrieved"
            },
            "Respond_to_a_PowerApp_or_flow": {
              "runAfter": {
                "Select": [
                  "Succeeded"
                ]
              },
              "metadata": {
                "operationMetadataId": "16bd2a34-be92-45f7-9b60-673f6528eeb0"
              },
              "type": "Response",
              "kind": "PowerApp",
              "inputs": {
                "statusCode": 200,
                "body": {
                  "response": "@{body('Select')}",
                  "status": "The flow ran successfully!"
                },
                "schema": {
                  "type": "object",
                  "properties": {
                    "response": {
                      "title": "response",
                      "x-ms-dynamically-added": true,
                      "type": "string"
                    },
                    "status": {
                      "title": "status",
                      "x-ms-dynamically-added": true,
                      "type": "string"
                    }
                  }
                }
              },
              "description": "response (array of sharepoint lists) as json string and a status get send to the power apps"
            },
            "Verfassen": {
              "runAfter": {
                "Send_an_HTTP_request_to_SharePoint": [
                  "Succeeded"
                ]
              },
              "metadata": {
                "operationMetadataId": "060b5d0d-58fc-4ad7-b746-8560f3617879"
              },
              "type": "Compose",
              "inputs": "@length(outputs('Send_an_HTTP_request_to_SharePoint')?['body']['d']['results'])"
            },
            "Send_an_HTTP_request_to_SharePoint": {
              "runAfter": {},
              "metadata": {
                "operationMetadataId": "d5df6d11-1ad7-43de-a66f-9cd2f0fc55e3"
              },
              "type": "OpenApiConnection",
              "inputs": {
                "host": {
                  "connectionName": "shared_sharepointonline_1",
                  "operationId": "HttpRequest",
                  "apiId": "/providers/Microsoft.PowerApps/apis/shared_sharepointonline"
                },
                "parameters": {
                  "dataset": "@triggerBody()?['text_1']",
                  "parameters/method": "GET",
                  "parameters/uri": "_api/Web/Lists/GetById('@{triggerBody()?['text']}')/Items?$filter=Created le '@{triggerBody()?['text_2']}'&$expand=File,FieldValuesAsText&$top=@{triggerBody()?['number']}\r\n",
                  "parameters/headers": {
                    "Accept": "application/json;odata=verbose"
                  }
                },
                "authentication": "@parameters('$authentication')"
              },
              "description": "_api/Web/Lists/GetByTitle('Projektdokumente')/items?$filter=Created le '@{addDays(utcNow(),-2500)}' or Modified le '@{addDays(utcNow(),-2500)}'&$top=5000"
            }
          },
          "runAfter": {},
          "metadata": {
            "operationMetadataId": "8e1caf5f-3df6-47d3-a603-77015145f864"
          },
          "type": "Scope"
        },
        "Exception_handler": {
          "actions": {
            "Send_an_email_(V2)_|_Send_mail_to_exception_receiver": {
              "runAfter": {
                "Create_HTML_table_|_Create_table_with_errors": [
                  "Succeeded"
                ]
              },
              "metadata": {
                "operationMetadataId": "4b1db751-6212-42a0-ac89-77d6a5ac3a3f"
              },
              "type": "OpenApiConnection",
              "inputs": {
                "host": {
                  "connectionName": "shared_office365_1",
                  "operationId": "SendEmailV2",
                  "apiId": "/providers/Microsoft.PowerApps/apis/shared_office365"
                },
                "parameters": {
                  "emailMessage/To": "@outputs('Compose_|_Exception_receiver')",
                  "emailMessage/Subject": "Error with a flow: @{workflow()['tags']['flowDisplayName']}",
                  "emailMessage/Body": "<p>Error with the flow. See the table below.<br>\n<br>\n<strong>Technical Name:</strong> @{workflow()['Name']}<br>\n<strong>Display Name:</strong> @{workflow()['tags']['flowDisplayName']}<br>\n<strong>Environment Name: </strong>@{workflow()['tags']['environmentName']}<br>\n<br>\n<strong>Link to flow run: </strong>@{concat('https://make.powerautomate.com/manage/environments/', workflow()?['tags']?['environmentName'], '/flows/', workflow()?['name'], '/runs/', workflow()?['run']['name'])}<br>\n<strong>Link to the flow:</strong> @{concat('https://make.powerautomate.com/manage/environments/', workflow()?['tags']?['environmentName'], '/flows/', workflow()?['name'])}<br>\n<br>\n@{body('Create_HTML_table_|_Create_table_with_errors')}</p>",
                  "emailMessage/Importance": "Normal"
                },
                "authentication": "@parameters('$authentication')"
              }
            },
            "Terminate": {
              "runAfter": {
                "Send_an_email_(V2)_|_Send_mail_to_exception_receiver": [
                  "Succeeded"
                ]
              },
              "metadata": {
                "operationMetadataId": "08fc212b-4ecf-43e6-a829-b6f9d31661aa"
              },
              "type": "Terminate",
              "inputs": {
                "runStatus": "Failed"
              }
            },
            "Create_HTML_table_|_Create_table_with_errors": {
              "runAfter": {
                "Compose_|_Exception_receiver": [
                  "Succeeded"
                ]
              },
              "metadata": {
                "operationMetadataId": "ab172923-2ad3-4b5e-aac4-59086c8a3fb1"
              },
              "type": "Table",
              "inputs": {
                "from": "@result('Main')",
                "format": "HTML",
                "columns": [
                  {
                    "header": "name",
                    "value": "@item()?['name']"
                  },
                  {
                    "header": "code",
                    "value": "@item()?['code']"
                  },
                  {
                    "header": "status",
                    "value": "@item()?['status']"
                  },
                  {
                    "header": "code",
                    "value": "@item()?['error']?['code']"
                  },
                  {
                    "header": "message",
                    "value": "@item()?['error']?['message']"
                  }
                ]
              }
            },
            "Respond_to_a_PowerApp_or_flow_|_Respond_Error": {
              "runAfter": {},
              "metadata": {
                "operationMetadataId": "b5ab2e68-1842-441c-80df-f41f27e4999d"
              },
              "type": "Response",
              "kind": "PowerApp",
              "inputs": {
                "statusCode": 200,
                "body": {
                  "response": "@{null}",
                  "status": "There was a problem in the flow. You have received an email with further information."
                },
                "schema": {
                  "type": "object",
                  "properties": {
                    "response": {
                      "title": "response",
                      "x-ms-dynamically-added": true,
                      "type": "string"
                    },
                    "status": {
                      "title": "status",
                      "x-ms-dynamically-added": true,
                      "type": "string"
                    }
                  }
                }
              }
            },
            "Compose_|_Exception_receiver": {
              "runAfter": {
                "Respond_to_a_PowerApp_or_flow_|_Respond_Error": [
                  "Succeeded"
                ]
              },
              "metadata": {
                "operationMetadataId": "6ef64c46-bdb5-4b98-9eac-2b52877e5170"
              },
              "type": "Compose",
              "inputs": "@triggerOutputs()['headers']['x-ms-user-email-encoded']"
            }
          },
          "runAfter": {
            "Main": [
              "Failed"
            ]
          },
          "metadata": {
            "operationMetadataId": "7778dea0-b063-4bf8-b510-0a3a638c2d4d"
          },
          "type": "Scope",
          "description": "this scope handles exceptions / errors from the upper scope. if within upper scope any error occurs, this scope runs, sends message to the powerapps and via mail to the person who triggered the flow"
        }
      }
    },
    "templateName": ""
  },
  "schemaVersion": "1.0.0.0"
}