{
  "properties": {
    "connectionReferences": {
      "shared_office365_1": {
        "runtimeSource": "invoker",
        "connection": {
          "connectionReferenceLogicalName": "ema_OutlookConnectionReferenceSharePointViewer"
        },
        "api": {
          "name": "shared_office365"
        }
      },
      "shared_sharepointonline_1": {
        "runtimeSource": "invoker",
        "connection": {
          "connectionReferenceLogicalName": "new_SharePointConnectionReference"
        },
        "api": {
          "name": "shared_sharepointonline"
        }
      }
    },
    "definition": {
      "$schema": "https://schema.management.azure.com/providers/Microsoft.Logic/schemas/2016-06-01/workflowdefinition.json#",
      "contentVersion": "1.0.0.0",
      "parameters": {
        "$connections": {
          "defaultValue": {},
          "type": "Object"
        },
        "$authentication": {
          "defaultValue": {},
          "type": "SecureObject"
        }
      },
      "triggers": {
        "manual": {
          "metadata": {
            "operationMetadataId": "029dc2d2-4124-4ef8-8247-9136d7136fec"
          },
          "type": "Request",
          "kind": "PowerAppV2",
          "inputs": {
            "schema": {
              "type": "object",
              "properties": {
                "text": {
                  "title": "SharePointSite",
                  "type": "string",
                  "x-ms-dynamically-added": true,
                  "description": "Please enter your input",
                  "x-ms-content-hint": "TEXT"
                },
                "text_1": {
                  "title": "ListTitle",
                  "type": "string",
                  "x-ms-dynamically-added": true,
                  "description": "Please enter your input",
                  "x-ms-content-hint": "TEXT"
                },
                "text_2": {
                  "title": "ListColumns",
                  "type": "string",
                  "x-ms-dynamically-added": true,
                  "description": "Please enter your input",
                  "x-ms-content-hint": "TEXT"
                },
                "text_3": {
                  "title": "ListDescription",
                  "type": "string",
                  "x-ms-dynamically-added": true,
                  "description": "Please enter your input",
                  "x-ms-content-hint": "TEXT"
                }
              },
              "required": [
                "text",
                "text_1",
                "text_2",
                "text_3"
              ]
            }
          }
        }
      },
      "actions": {
        "Exception_handler": {
          "actions": {
            "Send_an_email_(V2)_|_Send_mail_to_exception_receiver": {
              "runAfter": {
                "Create_HTML_table_|_Create_table_with_errors": [
                  "Succeeded"
                ]
              },
              "metadata": {
                "operationMetadataId": "4b1db751-6212-42a0-ac89-77d6a5ac3a3f"
              },
              "type": "OpenApiConnection",
              "inputs": {
                "host": {
                  "connectionName": "shared_office365_1",
                  "operationId": "SendEmailV2",
                  "apiId": "/providers/Microsoft.PowerApps/apis/shared_office365"
                },
                "parameters": {
                  "emailMessage/To": "@outputs('Compose_|_Exception_receiver')",
                  "emailMessage/Subject": "Error with a flow: @{workflow()['tags']['flowDisplayName']}",
                  "emailMessage/Body": "<p>Error with the flow. See the table below.<br>\n<br>\n<strong>Technical Name:</strong> @{workflow()['Name']}<br>\n<strong>Display Name:</strong> @{workflow()['tags']['flowDisplayName']}<br>\n<strong>Environment Name: </strong>@{workflow()['tags']['environmentName']}<br>\n<br>\n<strong>Link to flow run: </strong>@{concat('https://make.powerautomate.com/manage/environments/', workflow()?['tags']?['environmentName'], '/flows/', workflow()?['name'], '/runs/', workflow()?['run']['name'])}<br>\n<strong>Link to the flow:</strong> @{concat('https://make.powerautomate.com/manage/environments/', workflow()?['tags']?['environmentName'], '/flows/', workflow()?['name'])}<br>\n<br>\n@{body('Create_HTML_table_|_Create_table_with_errors')}</p>",
                  "emailMessage/Importance": "Normal"
                },
                "authentication": "@parameters('$authentication')"
              }
            },
            "Terminate": {
              "runAfter": {
                "Send_an_email_(V2)_|_Send_mail_to_exception_receiver": [
                  "Succeeded"
                ]
              },
              "metadata": {
                "operationMetadataId": "08fc212b-4ecf-43e6-a829-b6f9d31661aa"
              },
              "type": "Terminate",
              "inputs": {
                "runStatus": "Failed"
              }
            },
            "Create_HTML_table_|_Create_table_with_errors": {
              "runAfter": {
                "Compose_|_Exception_receiver": [
                  "Succeeded"
                ]
              },
              "metadata": {
                "operationMetadataId": "ab172923-2ad3-4b5e-aac4-59086c8a3fb1"
              },
              "type": "Table",
              "inputs": {
                "from": "@result('Main')",
                "format": "HTML",
                "columns": [
                  {
                    "header": "name",
                    "value": "@item()?['name']"
                  },
                  {
                    "header": "code",
                    "value": "@item()?['code']"
                  },
                  {
                    "header": "status",
                    "value": "@item()?['status']"
                  },
                  {
                    "header": "code",
                    "value": "@item()?['error']?['code']"
                  },
                  {
                    "header": "message",
                    "value": "@item()?['error']?['message']"
                  }
                ]
              }
            },
            "Respond_to_a_PowerApp_or_flow_|_Respond_Error": {
              "runAfter": {},
              "metadata": {
                "operationMetadataId": "b5ab2e68-1842-441c-80df-f41f27e4999d"
              },
              "type": "Response",
              "kind": "PowerApp",
              "inputs": {
                "statusCode": 200,
                "body": {
                  "status": "There was a problem in the flow. You have received an email with further information.",
                  "listurl": "0"
                },
                "schema": {
                  "type": "object",
                  "properties": {
                    "status": {
                      "title": "status",
                      "x-ms-dynamically-added": true,
                      "type": "string"
                    },
                    "listurl": {
                      "title": "listUrl",
                      "x-ms-dynamically-added": true,
                      "type": "string"
                    }
                  }
                }
              }
            },
            "Compose_|_Exception_receiver": {
              "runAfter": {
                "Respond_to_a_PowerApp_or_flow_|_Respond_Error": [
                  "Succeeded"
                ]
              },
              "metadata": {
                "operationMetadataId": "6ef64c46-bdb5-4b98-9eac-2b52877e5170"
              },
              "type": "Compose",
              "inputs": "@triggerOutputs()['headers']['x-ms-user-email-encoded']"
            }
          },
          "runAfter": {
            "Main": [
              "Failed"
            ]
          },
          "metadata": {
            "operationMetadataId": "7778dea0-b063-4bf8-b510-0a3a638c2d4d"
          },
          "type": "Scope",
          "description": "this scope handles exceptions / errors from the upper scope. if within upper scope any error occurs, this scope runs, sends message to the powerapps and via mail to the person who triggered the flow"
        },
        "Main": {
          "actions": {
            "FieldType_enumeration": {
              "runAfter": {},
              "metadata": {
                "operationMetadataId": "e87fa3f2-4437-47bf-b7d0-315ff345765b"
              },
              "type": "Compose",
              "inputs": "https://docs.microsoft.com/en-us/previous-versions/office/sharepoint-csom/ee540543(v=office.15)",
              "description": "See here for a definition of the different sharepoint column types."
            },
            "Send_an_HTTP_request_to_SharePoint_-_Create_SharePoint_List": {
              "runAfter": {
                "Parse_JSON_-_SharePoint_List_Columns": [
                  "Succeeded"
                ]
              },
              "metadata": {
                "operationMetadataId": "bd6754b2-3869-4bf7-a554-ad23503a9c7f"
              },
              "type": "OpenApiConnection",
              "inputs": {
                "host": {
                  "connectionName": "shared_sharepointonline_1",
                  "operationId": "HttpRequest",
                  "apiId": "/providers/Microsoft.PowerApps/apis/shared_sharepointonline"
                },
                "parameters": {
                  "dataset": "@triggerBody()['text']",
                  "parameters/method": "POST",
                  "parameters/uri": "_api/web/lists",
                  "parameters/headers": {
                    "Accept": "application/json; odata=verbose",
                    "Content-Type": "application/json"
                  },
                  "parameters/body": "{\n \"AllowContentTypes\": true,\n \"BaseTemplate\": 100,\n \"ContentTypesEnabled\": true,\n \"Description\": \"@{triggerBody()['text_3']}\",\n \"Title\": \"@{triggerBody()['text_1']}\"\n}"
                },
                "authentication": "@parameters('$authentication')"
              }
            },
            "Apply_to_each": {
              "foreach": "@body('Parse_JSON_-_SharePoint_List_Columns')",
              "actions": {
                "Send_an_HTTP_request_to_SharePoint_-_Create_Columns": {
                  "runAfter": {},
                  "metadata": {
                    "operationMetadataId": "12b6168f-01c6-4d34-bbf4-e84f5dd8e2f0"
                  },
                  "type": "OpenApiConnection",
                  "inputs": {
                    "host": {
                      "connectionName": "shared_sharepointonline_1",
                      "operationId": "HttpRequest",
                      "apiId": "/providers/Microsoft.PowerApps/apis/shared_sharepointonline"
                    },
                    "parameters": {
                      "dataset": "@triggerBody()['text']",
                      "parameters/method": "POST",
                      "parameters/uri": "_api/web/lists/getByTitle('@{triggerBody()['text_1']}')/fields",
                      "parameters/headers": {
                        "Content-Type": "application/json"
                      },
                      "parameters/body": "{\n\"Title\": \"@{items('Apply_to_each')['InternalName']}\",\n\"FieldTypeKind\": @{items('Apply_to_each')['FieldTypeKind']},\n\"Hidden\": false\n}"
                    },
                    "authentication": "@parameters('$authentication')"
                  }
                }
              },
              "runAfter": {
                "Send_an_HTTP_request_to_SharePoint_-_Create_SharePoint_List": [
                  "Succeeded"
                ]
              },
              "metadata": {
                "operationMetadataId": "df740eaf-7564-4d49-8164-faeb7f9a405c"
              },
              "type": "Foreach"
            },
            "Parse_JSON_-_SharePoint_List_Columns": {
              "runAfter": {
                "FieldType_enumeration": [
                  "Succeeded"
                ]
              },
              "metadata": {
                "operationMetadataId": "29e99865-bea6-4f53-9c0c-a02c75bd0b57"
              },
              "type": "ParseJson",
              "inputs": {
                "content": "@json(triggerBody()['text_2'])",
                "schema": {
                  "type": "array",
                  "items": {
                    "type": "object",
                    "properties": {
                      "FieldTypeKind": {
                        "type": "integer"
                      },
                      "Name": {
                        "type": "string"
                      }
                    }
                  }
                }
              }
            },
            "Respond_to_a_PowerApp_or_flow": {
              "runAfter": {
                "Apply_to_each": [
                  "Succeeded"
                ]
              },
              "metadata": {
                "operationMetadataId": "16bd2a34-be92-45f7-9b60-673f6528eeb0"
              },
              "type": "Response",
              "kind": "PowerApp",
              "inputs": {
                "statusCode": 200,
                "body": {
                  "status": "The flow ran successfully!",
                  "listurl": "@{triggerBody()['text']}/_layouts/15/viewlsts.aspx"
                },
                "schema": {
                  "type": "object",
                  "properties": {
                    "status": {
                      "title": "status",
                      "x-ms-dynamically-added": true,
                      "type": "string"
                    },
                    "listurl": {
                      "title": "listUrl",
                      "x-ms-dynamically-added": true,
                      "type": "string"
                    }
                  }
                }
              },
              "description": "response (array of sharepoint lists) as json string and a status get send to the power apps"
            }
          },
          "runAfter": {},
          "metadata": {
            "operationMetadataId": "5908520f-2b05-4cfc-9a91-5a79d47ee973"
          },
          "type": "Scope"
        }
      }
    },
    "templateName": ""
  },
  "schemaVersion": "1.0.0.0"
}